,Media Source,Date,Text,Compound,Positive,Neutral,Negative,Tweet Count
0,BBC,Tue Mar 27 12:00:08 +0000 2018,The ancient Greeks thought a life of ‘constant leisure’ was the highest life you could live. https://t.co/sascCq8iks,0.0,0.0,1.0,0.0,1
1,BBC,Tue Mar 27 11:05:06 +0000 2018,"There's over 50 classic cookery shows being served up on @BBCiPlayer this #EasterWeekend. 
? https://t.co/CKECZMGmx8 https://t.co/j3RfAYQvTI",0.0,0.0,1.0,0.0,2
2,BBC,Tue Mar 27 11:00:06 +0000 2018,"? @MargotRobbie is planning a new TV series, which will give Shakespeare plays a 'female perspective'.
?… https://t.co/pTLXfve0ds",0.25,0.125,0.875,0.0,3
3,BBC,Tue Mar 27 09:52:08 +0000 2018,"?? 'Mad' Mike Hughes flew his home-made rocket to try and 'prove' the earth is flat. 

? SPOILER: it's not.  https://t.co/f5oNRItwyq",0.0,0.0,1.0,0.0,4
4,BBC,Tue Mar 27 09:40:22 +0000 2018,"RT @BBCTwo: Now we've got our country back... what actually is it? ?

#CunkOnBritain starts Tuesday 3 April, 10pm, @BBCTwo. @missdianemorga…",0.0,0.0,1.0,0.0,5
5,BBC,Tue Mar 27 09:39:23 +0000 2018,RT @BBCBreakfast: A team of abseilers have been roped in to give Cheddar Gorge in Somerset an extreme spring clean. https://t.co/iYmkiizeRi,0.4019,0.124,0.876,0.0,6
6,BBC,Tue Mar 27 09:38:59 +0000 2018,"RT @BBCR1: We can't get enough of @george_ezra's Live Lounge ?

Watch him perform 'Paradise' and cover 'These Days' right here ?https://t.c…",0.0,0.0,1.0,0.0,7
7,BBC,Tue Mar 27 09:36:48 +0000 2018,"RT @bbcgetinspired: Check out @JesseLingard and some of his @PremierLeague mates showing us their super moves. ?? 

Show us yours with #sup…",0.5994,0.157,0.843,0.0,8
8,BBC,Tue Mar 27 08:00:04 +0000 2018,"When this woman visited an uninhabited Caribbean island, the last thing she expected was to find it covered in plas… https://t.co/cpKW9tl61v",0.0,0.0,1.0,0.0,9
9,BBC,Tue Mar 27 07:30:04 +0000 2018,"About 700,000 people in the UK are on the autism spectrum, with five times as many males as females being diagnosed… https://t.co/PXJMuG76Tn",0.0,0.0,1.0,0.0,10
10,BBC,Tue Mar 27 07:00:08 +0000 2018,"The number of children living in relative poverty in the UK has risen to 4.1m. 

This is the story of Tyler, one of… https://t.co/xFtEAjBTXC",-0.4588,0.049,0.827,0.124,11
11,BBC,Mon Mar 26 19:03:02 +0000 2018,"Filmed in Nottingham during the worst winter for the NHS on record, groundbreaking series #Hospital returns tonight… https://t.co/PVSIcvCGc9",-0.6249,0.0,0.806,0.194,12
12,BBC,Mon Mar 26 18:24:04 +0000 2018,"Tonight, George Alagiah explores the fascinating history of Queen Elizabeth II and her beloved Commonwealth. 

The… https://t.co/xXer4FRyTq",0.7783,0.312,0.688,0.0,13
13,BBC,Mon Mar 26 17:30:04 +0000 2018,?? It was a Dachsh(und) to the finish line. https://t.co/7VvkU5GfUg,0.0,0.0,1.0,0.0,14
14,BBC,Mon Mar 26 16:25:02 +0000 2018,"?? Joy and Mary flew WW2 planes before any navigation system was installed.
#RAFat100 https://t.co/yxNMblfTEf",0.5859,0.213,0.787,0.0,15
15,BBC,Mon Mar 26 15:45:04 +0000 2018,"Tom Cruise stars in a remake of the 1953 adaptation of HG Wells’s classic novel. ?

War of the Worlds | @BBCiPlayer… https://t.co/h19JvTlFSA",-0.3818,0.095,0.744,0.161,16
16,BBC,Mon Mar 26 15:11:57 +0000 2018,"In her role as head of the Commonwealth, the Queen embarked on her first tour of the nations in 1953.

But by 1970… https://t.co/Av61bahNZF",0.0,0.0,1.0,0.0,17
17,BBC,Mon Mar 26 12:58:02 +0000 2018,"Never let a squirrel nibble your nobble... ???
https://t.co/cHm9m6At3m",0.0,0.0,1.0,0.0,18
18,BBC,Mon Mar 26 11:48:03 +0000 2018,Apple wants to introduce new emojis to better represent people with disabilities. ??? https://t.co/CcJfojmtTa https://t.co/ZRdEhVPMEm,0.4404,0.172,0.828,0.0,19
19,BBC,Mon Mar 26 11:00:05 +0000 2018,"A crack that opened up in Kenya’s Rift Valley, damaging a section of the Narok-Nairobi highway, is still growing... https://t.co/T5YocDauYj",-0.5106,0.0,0.837,0.163,20
20,BBC,Mon Mar 26 10:00:07 +0000 2018,"From hot cross bun gin to Creme Egg Yorkshire pudding, this year’s Easter treats are bigger, weirder and more decad… https://t.co/HvDJmgcB5q",-0.128,0.0,0.93,0.07,21
21,BBC,Mon Mar 26 09:35:06 +0000 2018,RT @bbcpress: Sue Perkins will return to host the 2018 #BAFTA TV awards on Sunday 13 May on @BBCOne. https://t.co/pieSWNAGbH,0.4588,0.136,0.864,0.0,22
22,BBC,Mon Mar 26 09:33:01 +0000 2018,"? @BillBailey is NOT a fan of taramasalata. #Room101 

https://t.co/soAAz27c0C",0.3182,0.247,0.753,0.0,23
23,BBC,Mon Mar 26 09:04:01 +0000 2018,"The kiwi bird's egg is so large, it takes almost ten days to lay! ???  #DavidAttenboroughsNaturalCuriosities
https://t.co/AkZqK9vzZZ",0.0,0.0,1.0,0.0,24
24,BBC,Mon Mar 26 08:29:04 +0000 2018,"?Why do so many celebrities decide to enter politics?

Some have done so more successfully than others...… https://t.co/MkEDpSeLMJ",0.5819,0.182,0.818,0.0,25
25,BBC,Mon Mar 26 07:30:10 +0000 2018,"Wishing you could get out of bed just that little bit earlier? ?

If you need some motivation to set that alarm, he… https://t.co/zsisa2oA4s",0.2263,0.161,0.749,0.09,26
26,BBC,Sun Mar 25 19:44:01 +0000 2018,"Could this be an answer to global water shortages? ?? This machine creates water out of thin air. 

https://t.co/caz4nXMJg5",0.128,0.101,0.821,0.077,27
27,BBC,Sun Mar 25 19:15:06 +0000 2018,"Tonight, @regyates meets people whose lives have been devastated by the Grenfell fire. 

Reggie Yates: Searching fo… https://t.co/HPgtcZuHte",-0.7506,0.0,0.714,0.286,28
28,BBC,Sun Mar 25 18:40:04 +0000 2018,"Tonight, @mcgregor_ewan and @McgColin celebrate the centenary of the Royal Air Force. 

RAF at 100 with Ewan and Co… https://t.co/nF2iwBP51b",0.5719,0.163,0.837,0.0,29
29,BBC,Sun Mar 25 18:13:03 +0000 2018,The first ever statue of David Bowie has been unveiled in the town where he debuted Ziggy Stardust. ??… https://t.co/lFgROYVkv1,0.0,0.0,1.0,0.0,30
30,BBC,Sun Mar 25 17:30:07 +0000 2018,"When you're enjoying being single and people just can't deal with it. ?? @kathbum #LiveAtTheApollo 

https://t.co/byHMHWyhPq",0.5267,0.185,0.815,0.0,31
31,BBC,Sun Mar 25 15:03:03 +0000 2018,"????? Welcome to Tangier Island, the tiny US island where people speak with a British accent.… https://t.co/1RoM285gRJ",0.4588,0.167,0.833,0.0,32
32,BBC,Sun Mar 25 14:30:02 +0000 2018,"? We could listen to him speak all day. 

? Sir David Attenborough's voice was just as iconic in the 60s as it is t… https://t.co/zYi3oK5C13",0.0,0.0,1.0,0.0,33
33,BBC,Sun Mar 25 14:09:03 +0000 2018,"Predictions suggest a build-up of about 80,000 tonnes of plastic in the Pacific Ocean is growing rapidly. ????… https://t.co/uKD9BQWmUi",0.1779,0.091,0.909,0.0,34
34,BBC,Sun Mar 25 13:03:04 +0000 2018,"??? @prattprattpratt stars as a happy-go-lucky hero who joins forces with an unlikely group of aliens. 

Guardians… https://t.co/B9W7kRZ1Qz",0.5574,0.184,0.816,0.0,35
35,BBC,Sun Mar 25 12:03:02 +0000 2018,"Weighing just 100g, a newborn panda is one 900th the size of its mum! ?? #DavidAttenboroughsNaturalCuriosities https://t.co/nKLQh03DJs",0.0,0.0,1.0,0.0,36
36,BBC,Sun Mar 25 10:30:04 +0000 2018,?Meet SoFi - the soft robot fish developed by MIT to swim among real fish in coral reefs and around the ocean to he… https://t.co/HDa7q7WsHf,0.0,0.0,1.0,0.0,37
37,BBC,Sun Mar 25 09:30:15 +0000 2018,"Ever wondered what made you feel moody? It might be your gut.

? https://t.co/l8oMv5gPN2 https://t.co/vq2yhtBOAn",-0.3612,0.0,0.839,0.161,38
38,BBC,Sun Mar 25 08:43:31 +0000 2018,"RT @BBCScotland: Up your brunch game with perfect poached eggs.

via @bbcthesocial https://t.co/1imXNeOZ9d",0.5719,0.236,0.764,0.0,39
39,BBC,Sun Mar 25 08:43:26 +0000 2018,"RT @bbcweather: #Winter may not be done with us yet, as colder continental air fights back against milder maritime air across the UK this w…",-0.4019,0.0,0.899,0.101,40
40,BBC,Sun Mar 25 08:43:22 +0000 2018,RT @BBCSport: A simply astonishing confession from Australia captain Steve Smith and batsman Cameron Bancroft ? https://t.co/YaE7fBZamq,0.0,0.0,1.0,0.0,41
41,BBC,Sun Mar 25 08:00:12 +0000 2018,A woman who drinks 30 cans a day says her addiction to energy drinks is worse than gambling.… https://t.co/d11ATW0F0f,-0.25,0.104,0.743,0.153,42
42,BBC,Sun Mar 25 07:34:02 +0000 2018,You learn something new every day. Here's how to poo a baby jaguar. ??#BigCatsAboutTheHouse https://t.co/Eg5rF1414b,0.0,0.0,1.0,0.0,43
43,BBC,Sun Mar 25 07:02:00 +0000 2018,When the clocks have gone forward but there's no way you're getting out of bed yet. ?????#DaylightSavings https://t.co/cHBPV3ITsQ,-0.4215,0.0,0.859,0.141,44
44,BBC,Sat Mar 24 20:34:01 +0000 2018,"""I still see people screaming for help.""

This Sunday at 9pm on @BBCTwo, @REGYATES meets the people whose lives wer… https://t.co/RS16yXF17H",-0.3818,0.0,0.885,0.115,45
45,BBC,Sat Mar 24 20:00:11 +0000 2018,"The story of the last decade of Picasso's life, through the words of family and friends. ?

Picasso's Last Stand |… https://t.co/RyiuI8KgSk",0.4767,0.134,0.866,0.0,46
46,BBC,Sat Mar 24 19:16:04 +0000 2018,"""Beauty is your inside, it's your personality and what shines from beneath."" 

25-year-old rapper Paigey Cakey had… https://t.co/CVGr69Y0oO",0.5859,0.183,0.817,0.0,47
47,BBC,Sat Mar 24 18:44:04 +0000 2018,Cambridge have won the men's and women's Boat Races. https://t.co/COTzXYuo4N ? ? #BoatRace2018 https://t.co/6SQjF1ToSt,0.5719,0.252,0.748,0.0,48
48,BBC,Sat Mar 24 18:02:01 +0000 2018,"?? @RomeshRanga is NOT a fan of Gogglebox. #LiveAtTheApollo
https://t.co/FHm9g6Emss",0.3182,0.223,0.777,0.0,49
49,BBC,Sat Mar 24 17:01:01 +0000 2018,"When proposals go wrong... ?? #Doodlebugs 
https://t.co/8Yi6giWO3S",0.0,0.0,1.0,0.0,50
50,BBC,Sat Mar 24 15:30:10 +0000 2018,"Writer Sara Maitland has lived alone in rural Scotland for 20 years. 

Here are seven valuable life lessons we can… https://t.co/2eAqUlnwuA",0.2732,0.129,0.788,0.083,51
51,BBC,Sat Mar 24 15:00:06 +0000 2018,?How an Instagram video lost me my dream job in fashion: https://t.co/72yWgHdc1k https://t.co/fl3DxMcIL5,-0.0772,0.131,0.719,0.15,52
52,BBC,Sat Mar 24 14:01:47 +0000 2018,? @clarebalding is live from the River Thames as @UniofOxford and @Cambridge_Uni  meet for one of the most iconic e… https://t.co/Ls9rtIYov4,0.0,0.0,1.0,0.0,53
53,BBC,Sat Mar 24 14:01:32 +0000 2018,RT @bbcthree: The barber helping men with dementia relive their younger lives. https://t.co/p8axQVK836,0.296,0.155,0.845,0.0,54
54,BBC,Sat Mar 24 13:03:01 +0000 2018,"Which animals are likely to become extinct in your lifetime? ??
https://t.co/9KwlmcNrWV",0.0,0.0,1.0,0.0,55
55,BBC,Sat Mar 24 12:33:04 +0000 2018,"Don't miss the highlights from the Gymnastics World Cup! ???????

World Cup Gymnastics | @BBCOne | 2:05pm |… https://t.co/7mpufyeEMo",0.1867,0.098,0.902,0.0,56
56,BBC,Sat Mar 24 11:29:04 +0000 2018,"How much do you know about horses? Take this quiz to see if you are an equestrian expert…?

https://t.co/ChGCB9Xi1W https://t.co/P9UgJ99nsx",0.0,0.0,1.0,0.0,57
57,BBC,Sat Mar 24 10:31:01 +0000 2018,"Meet Hester, the 10-year-old visually impaired skier who's hoping for Paralympic gold one day. ??https://t.co/6aiUaTc3yS",0.4215,0.167,0.833,0.0,58
58,BBC,Sat Mar 24 10:03:01 +0000 2018,"""The enthusiastic viewer should feel he is almost the man on the spot!"" 

In 1949, the BBC announced it would telev… https://t.co/WEoPpkrW1V",0.5411,0.143,0.857,0.0,59
59,BBC,Sat Mar 24 09:42:34 +0000 2018,RT @BBCNewsNI: Prince Harry and Meghan Markle are visiting Northern Ireland https://t.co/ODxLd1LIr8 https://t.co/s0zPTXj3Tk,0.0,0.0,1.0,0.0,60
60,BBC,Sat Mar 24 09:32:59 +0000 2018,"RT @bbcf1: Lewis Hamilton took the first pole of the season in spectacular style ??

https://t.co/a7YDOx0FlQ",0.0,0.0,1.0,0.0,61
61,BBC,Sat Mar 24 09:31:30 +0000 2018,"RT @sportrelief: A humongous THANK YOU to everyone who has taken part, fund-raised &amp; watched over the past weeks &amp; tonight. The #SportRelie…",0.4995,0.133,0.867,0.0,62
62,BBC,Sat Mar 24 09:31:26 +0000 2018,RT @sportrelief: The nation has joined together for this year's #SportRelief pulling out all the stops to make their steps count. Well done…,0.128,0.085,0.85,0.065,63
63,BBC,Sat Mar 24 09:30:13 +0000 2018,?A Cultural history of the avocado: https://t.co/jo1UyWlVw7 https://t.co/7VF6pBpG57,0.0,0.0,1.0,0.0,64
64,BBC,Sat Mar 24 08:33:02 +0000 2018,"Meet Alexandre, one of the only male performers of ‘baladi’ – also known as belly dancing – in the Middle East. ?

 https://t.co/K12N1Y6PU7",0.0,0.0,1.0,0.0,65
65,BBC,Fri Mar 23 19:07:00 +0000 2018,"RT @BBCOne: .@GaryLineker, @OreOduba, @ThisisDavina &amp; more kick off the biggest ever night of #SportRelief now on @bbcone. @sportrelief 
Fo…",0.0,0.0,1.0,0.0,66
66,BBC,Fri Mar 23 18:03:04 +0000 2018,From @taylorswift13 to @Beyonce: these are the secretive musicians who avoid interviews. ?? https://t.co/nqOmaVMzoo https://t.co/sbDga7L5cp,-0.296,0.0,0.864,0.136,67
67,BBC,Fri Mar 23 17:33:03 +0000 2018,"Tonight, @GaryLineker, @ThisisDavina and @OreOduba kick off the biggest ever night of @sportrelief! ??????… https://t.co/tgbpC76heP",0.0,0.0,1.0,0.0,68
68,BBC,Fri Mar 23 17:02:01 +0000 2018,"Your week, as told by @louistheroux. ??
https://t.co/Ae6bDBpIBW",0.0,0.0,1.0,0.0,69
69,BBC,Fri Mar 23 16:27:45 +0000 2018,"RT @BBCWales: A #DanceForParkinsons session with @ndcwales for @GetCreativeUK in #Cardiff this week 

Find out what’s happening on the fina…",0.0,0.0,1.0,0.0,70
70,BBC,Fri Mar 23 16:00:12 +0000 2018,"Meet Australian maths teacher Eddie Woo, who has won fans worldwide with his high-energy lessons, posted on YouTube… https://t.co/vTfNDZzA3b",0.7783,0.286,0.714,0.0,71
71,BBC,Fri Mar 23 14:33:40 +0000 2018,"RT @BBCOne: No @andy_murray, this is not a dream. @GeriHalliwell really IS in your bedroom making you sing Spice Girls songs ?

@sportrelie…",-0.4479,0.0,0.828,0.172,72
72,BBC,Fri Mar 23 14:03:08 +0000 2018,These beautiful photographs reveal how refugees in Tyneside have turned to the healing powers of gardening. ??… https://t.co/2gq0t9FnIR,0.5994,0.187,0.813,0.0,73
73,BBC,Fri Mar 23 14:00:02 +0000 2018,"How would you react if you woke up and found Michael McIntyre and Peppa Pig in your bedroom? 

Poor @AndyMurray…

S… https://t.co/7ZP0hUYeKr",-0.4767,0.0,0.871,0.129,74
74,BBC,Fri Mar 23 13:33:04 +0000 2018,Spring is here! ??? Make the most of seasonal ingredients with these delicious soup recipes. https://t.co/fXp7eJXoJc https://t.co/hA1b2bdSrd,0.6114,0.2,0.8,0.0,75
75,BBC,Fri Mar 23 13:03:02 +0000 2018,"Want to get creative this weekend? Here's how to make a hooky rug. 
#MakeCraftBritain 
https://t.co/uqibyP09s7",0.4939,0.259,0.741,0.0,76
76,BBC,Fri Mar 23 11:42:55 +0000 2018,RT @BBCSport: He was one of English football's first black players and the British Army's first ever black officer to command white troops.…,0.0,0.0,1.0,0.0,77
77,BBC,Fri Mar 23 11:42:51 +0000 2018,RT @BBCRadio2: ? “I thought the script was really frightening and original.” Martin Freeman chats to @achrisevans about his creepy new film…,-0.2006,0.107,0.754,0.139,78
78,BBC,Fri Mar 23 11:42:48 +0000 2018,RT @BBCTwo: Our entire weekend plans. ?? #BigCatsAboutTheHouse https://t.co/vl0zUcCdmI,0.0,0.0,1.0,0.0,79
79,BBC,Fri Mar 23 11:42:43 +0000 2018,"RT @sportrelief: It looks like #TeamGryffindor are storming ahead in the #HogwartsLeague in the #SportRelief app. 

#TeamHufflepuff, #TeamS…",0.3612,0.128,0.872,0.0,80
80,BBC,Fri Mar 23 11:30:05 +0000 2018,???Some blueberry muffins sold by cafes and supermarkets contain more than the recommended daily intake of sugar fo… https://t.co/9bh6K8aMH2,0.2648,0.103,0.897,0.0,81
81,BBC,Fri Mar 23 10:33:01 +0000 2018,"Friday night is CELEBRITY FIGHT NIGHT! ??

Who'll be victorious? Tune in to #SportRelief to find out!

https://t.co/9ZhgNGmxOD",-0.6016,0.0,0.813,0.187,82
82,BBC,Fri Mar 23 10:03:03 +0000 2018,"Scrolling through headlines, the world can feel like a pretty dark place. So here are nine reasons to be happy. ? ?… https://t.co/KrNoB0qaqC",0.8555,0.343,0.657,0.0,83
83,BBC,Fri Mar 23 09:30:03 +0000 2018,"Would you want secret helpers like these to help you out in nerve-wracking situations? #TheSecretHelpers 
https://t.co/ua2X4vxKR3",0.765,0.417,0.583,0.0,84
84,BBC,Fri Mar 23 08:33:01 +0000 2018,"Meet the first polar bear cub to be born in the UK in 25 years. ?
https://t.co/njq1r6eONE",0.0,0.0,1.0,0.0,85
85,BBC,Thu Mar 22 21:39:27 +0000 2018,"RT @BBCOne: All hail queen Kat! ?? 

#EastEnders @BBCEastenders https://t.co/PLmAc53L6t",0.1511,0.15,0.85,0.0,86
86,BBC,Thu Mar 22 21:30:01 +0000 2018,"Istanbul's Blue Mosque looks spectacular. @wmarybeard looks at the art, meaning and significance of calligraphy the… https://t.co/Mv3voUkcvc",0.2732,0.116,0.884,0.0,87
87,BBC,Thu Mar 22 21:20:05 +0000 2018,? The artist reimagining Islamic calligraphy for the 21st Century: https://t.co/wgbVwZLDEa #Civilisations https://t.co/nxW6Sokjdn,0.0,0.0,1.0,0.0,88
88,BBC,Thu Mar 22 20:30:01 +0000 2018,"In 1918, the very first signs of the Spanish Flu pandemic were kept under wraps. So how did the deadly illness get… https://t.co/zuZryXLihL",-0.6486,0.0,0.798,0.202,89
89,BBC,Thu Mar 22 19:04:04 +0000 2018,Go behind-the-scenes at @TheBigCatSanct where expert Giles Clark is hand-rearing a jaguar cub. ?… https://t.co/0hDQP6X1wA,0.0,0.0,1.0,0.0,90
90,BBC,Thu Mar 22 18:30:09 +0000 2018,"Tai chi has been recommended to help people with the chronic pain condition fibromyalgia. 

https://t.co/uYDlKfWbt7 https://t.co/Y7P9ceP82j",0.0516,0.216,0.625,0.159,91
91,BBC,Thu Mar 22 17:33:04 +0000 2018,"The cost of living alone, rather than living as a couple, is more than £1000 a year. ??

This is the price of being… https://t.co/udzI9xGci6",-0.25,0.0,0.917,0.083,92
92,BBC,Thu Mar 22 17:03:54 +0000 2018,.@ManUtd have applied to have a professional women's team. ?? https://t.co/rxzdRsDhUd https://t.co/meO65NRCtm,0.0,0.0,1.0,0.0,93
93,BBC,Thu Mar 22 17:03:05 +0000 2018,"Worried about your impact on the planet? ??

This is how to make your next holiday more eco-friendly. ???

?… https://t.co/wCmDZJledV",0.128,0.113,0.795,0.092,94
94,BBC,Thu Mar 22 16:04:06 +0000 2018,"Think twice before you throw your kitchen waste in the bin! Here's how to grow plants from kitchen scraps. ???

?… https://t.co/MMgrC8yseG",-0.4753,0.0,0.872,0.128,95
95,BBC,Thu Mar 22 15:00:43 +0000 2018,"RT @mixital: ??New #DoctorWho writing challenge!??
Write a story featuring Rory Williams! Share it with us here: https://t.co/zW42ZnvJnc

#…",0.4184,0.141,0.859,0.0,96
96,BBC,Thu Mar 22 15:00:01 +0000 2018,"Could you name the disaster that killed the most people in the last 100 years?

Contagion! The BBC Four Pandemic |… https://t.co/10zHfD8PHT",-0.9168,0.0,0.615,0.385,97
97,BBC,Thu Mar 22 14:30:10 +0000 2018,"?Some musicians love doing them, others don’t.

Seven secretive musicians who like to avoid interviews:… https://t.co/7Rm55Ddynj",0.6705,0.306,0.594,0.1,98
98,BBC,Thu Mar 22 13:53:48 +0000 2018,"RT @BBCEarth: Today is #WorldWaterDay. This teen has an ingenious way to test the safety of water around the world 
@BBC_Future https://t.c…",0.4215,0.118,0.882,0.0,99
99,BBC,Thu Mar 22 13:33:04 +0000 2018,"Has @chrishughes_22 read any of his own book? ??

Here's what he confessed when he took on @BBCR1's fake lie detect… https://t.co/tVaKesbKQ1",-0.4767,0.0,0.871,0.129,100
100,CBS,Mon Mar 26 22:14:25 +0000 2018,"RT @ACMawards: The ACM for New Vocal Group of the Year goes to @MidlandOfficial! And yes, that really was @Reba on the phone! #ACMawards ht…",0.508,0.12,0.88,0.0,1
101,CBS,Mon Mar 26 20:42:48 +0000 2018,"RT @ACMawards: In case you didn’t know, the ACM for New Male Vocalist of the Year goes to @BrettYoungMusic. Check out his reaction when @Re…",0.0,0.0,1.0,0.0,2
102,CBS,Mon Mar 26 16:59:19 +0000 2018,RT @ACMawards: Over the weekend @Reba called the ACM New Artist of the Year winners to let them know they had won! Let’s just say our New F…,0.7959,0.214,0.786,0.0,3
103,CBS,Mon Mar 26 16:05:18 +0000 2018,"Congratulations to the 53rd #ACMawards New Artist winners @Lauren_Alaina, @MidlandOfficial, and @BrettYoungMusic! W… https://t.co/Fr8H4arwGj",0.807,0.378,0.622,0.0,4
104,CBS,Sun Mar 25 23:57:34 +0000 2018,New start times in East/Central Time Zones #60Minutes 7:35ET/6:35CT #Instinct  8:35ET/7:35CT #NCISLA 9:35ET/8:35CT… https://t.co/8W5hAeLrvs,0.0,0.0,1.0,0.0,5
105,CBS,Sun Mar 25 17:15:25 +0000 2018,Don’t miss a minute of the action. Stream the Elite Eight® games LIVE today starting at 2PM ET with a FREE trial of… https://t.co/8NwU8HdiHR,0.5319,0.157,0.78,0.062,6
106,CBS,Sat Mar 24 22:46:53 +0000 2018,RT @MomCBS: That's a wrap on the #Mom panel at #PaleyFest! Thanks for following along! https://t.co/we4JgqPt6P,0.5399,0.199,0.801,0.0,7
107,CBS,Sat Mar 24 22:46:43 +0000 2018,RT @MomCBS: A fan just commented that #Mom helped bring him out of a deep depression. ??? #PaleyFest,-0.34,0.115,0.7,0.185,8
108,CBS,Sat Mar 24 22:25:03 +0000 2018,"RT @MomCBS: ""Go out for it anyway. If you're good for the role, you're good for the role."" @theJaimePressly's advice for aspiring actors wi…",0.7003,0.209,0.791,0.0,9
109,CBS,Sat Mar 24 22:21:37 +0000 2018,RT @MomCBS: Mom Co-Creator @GemmaRBaker just pointed out her own #Mom in the audience at #PaleyFest! ?,0.0,0.0,1.0,0.0,10
110,CBS,Sat Mar 24 22:21:34 +0000 2018,"RT @MomCBS: ""I'm not someone in recovery who goes to AA, but I have taken so much away from it...to take one day at a time."" - @theJaimePre…",0.0,0.0,1.0,0.0,11
111,CBS,Sat Mar 24 22:21:26 +0000 2018,"RT @MomCBS: ""You get to appreciate working with such talented people."" - @AnnaKFaris #Mom #PaleyFest",0.7184,0.333,0.667,0.0,12
112,CBS,Sat Mar 24 22:21:23 +0000 2018,RT @MomCBS: “I love this job. I love working with these women. I love working in front of the live audience… It’s alive and it’s fun.” - @A…,0.9451,0.42,0.58,0.0,13
113,CBS,Sat Mar 24 20:00:02 +0000 2018,"Get on your feet for @Jason_Aldean, @ThomasRhett, @ChrisStapleton, @KeithUrban, and @ChrisYoungMusic, the five nomi… https://t.co/oT5ogjdj4x",0.0,0.0,1.0,0.0,14
114,CBS,Fri Mar 23 22:33:52 +0000 2018,Get ready for some sweet games! Stream #5 Clemson vs #1 Kansas LIVE at 7PM ET and #11 Syracuse vs #2 Duke LIVE at 9… https://t.co/4WstgrKNnW,0.6996,0.194,0.806,0.0,15
115,CBS,Fri Mar 23 22:33:04 +0000 2018,RT @SEALTeamCBS: In honor of #NationalPuppyDay... ? #SEALTeam https://t.co/4mIZPpiRlU,0.4939,0.314,0.686,0.0,16
116,CBS,Fri Mar 23 22:32:48 +0000 2018,"RT @HawaiiFive0CBS: Nothing like a man and his dog! ?? Happy #NationalPuppyDay to Eddie, the best pup on the Five-0 Task Force! #H50 https:…",0.8997,0.355,0.645,0.0,17
117,CBS,Thu Mar 22 22:10:29 +0000 2018,Game on! 16 teams left and the race to the finish continues tonight. Stream #11 Loyola-Chicago vs #7 Nevada LIVE at… https://t.co/W374rmzzoC,0.0,0.0,1.0,0.0,18
118,CBS,Thu Mar 22 20:52:02 +0000 2018,Save the date! These are season finales you do NOT want to miss. RT if you're excited! https://t.co/UUQoWsPPSh https://t.co/cDl4WmxMtU,0.7081,0.311,0.623,0.066,19
119,CBS,Thu Mar 22 00:23:38 +0000 2018,Congratulations to all of the @CBSDaytime nominees for the #DaytimeEmmys! See the full list of #DaytimeEmmy nominee… https://t.co/ivJVJWvfsf,0.636,0.198,0.802,0.0,20
120,CBS,Wed Mar 21 18:00:01 +0000 2018,Female Vocalist Of The Year nominee @MarenMorris will show her fans how it’s done when she takes the stage to showc… https://t.co/PITjmAoFT8,0.0,0.0,1.0,0.0,21
121,CBS,Tue Mar 20 20:00:01 +0000 2018,The legendary @Reba returns to host the 53rd #ACMawards and she’s proving just how comfortable she is behind the mi… https://t.co/XPXcSPRXqC,0.5106,0.142,0.858,0.0,22
122,CBS,Tue Mar 20 17:58:43 +0000 2018,RT @nancyodell: Told my daughter I'd be presenting at @ACMawards again this year. (Woot woot!We both luv country music!)She took this pic o…,0.0,0.0,1.0,0.0,23
123,CBS,Tue Mar 20 16:52:42 +0000 2018,RT @ladyantebellum: Ecstatic to announce we'll be performing at the #ACMawards in Las Vegas again this year! https://t.co/Qfhs94j6FR,0.5562,0.174,0.826,0.0,24
124,CBS,Tue Mar 20 16:11:00 +0000 2018,"Country superstars @kennychesney, @ladyantebellum, @blakeshelton, and @KeithUrban have just been added to the stell… https://t.co/bJ4If7MacP",0.0,0.0,1.0,0.0,25
125,CBS,Mon Mar 19 21:02:26 +0000 2018,"RT @YandR_CBS: Forever evolving, Forever inspiring, Forever Young and Restless. ?? Get ready to celebrate 45 years of #YR starting in just…",0.7845,0.309,0.619,0.072,26
126,CBS,Sun Mar 18 23:44:30 +0000 2018,New start times in East/Central Time Zones: #60Minutes 7:37ET/6:37CT #Instinct series premiere 8:37ET/7:37CT… https://t.co/xT3YKqmu2M,0.0,0.0,1.0,0.0,27
127,CBS,Sun Mar 18 18:05:43 +0000 2018,Spend your Sunday streaming Second Round games LIVE with a FREE trial of CBS All Access! https://t.co/3P85rXLy4b https://t.co/zbWfirD9Ju,0.6514,0.213,0.787,0.0,28
128,CBS,Sun Mar 18 17:09:53 +0000 2018,"RT @instinctcbs: TONIGHT, Dr. Dylan Reinhart rewrites the book on abnormal behavior. Don't miss the premiere of #Instinct at 8/7c! https://…",0.1867,0.08,0.92,0.0,29
129,CBS,Sat Mar 17 19:00:02 +0000 2018,"If any duo knows how to rock the stage, it's @FLAGALine. The Vocal Duo Of The Year nominee will perform live at the… https://t.co/FknabB8NQp",0.0,0.0,1.0,0.0,30
130,CBS,Sat Mar 17 17:42:43 +0000 2018,How is your bracket looking after last night? Stream Second Round games LIVE today with a FREE trial of CBS All Acc… https://t.co/25JlIpgwog,0.6166,0.161,0.839,0.0,31
131,CBS,Sat Mar 17 14:00:03 +0000 2018,Where better to spend #StPatricksDay than the place everybody knows your name? It’s just your luck that every singl… https://t.co/Fom5wmdENL,0.7096,0.247,0.753,0.0,32
132,CBS,Fri Mar 16 22:53:21 +0000 2018,Stars @JakeMcDorman and Nik Dodani will join the cast in the upcoming revival of Murphy Brown coming to CBS.… https://t.co/JCAx29lo0i,0.296,0.104,0.896,0.0,33
133,CBS,Fri Mar 16 18:15:53 +0000 2018,"RT @thegoodfight: Go behind the scenes with costume designer @DanLawsonStyle in ""Behind The Style,"" a new weekly video series all about the…",0.0,0.0,1.0,0.0,34
134,CBS,Fri Mar 16 16:28:40 +0000 2018,The games have just begun! Continue to stream First Round games LIVE today with a FREE trial of CBS All Access:… https://t.co/YTGsJ48zYP,0.6514,0.178,0.822,0.0,35
135,CBS,Thu Mar 15 17:54:06 +0000 2018,"RT @TheTalkCBS: You asked, we answered! The fun never ends when the ladies #KeepTalking and answer your fan questions ???? https://t.co/ie1…",0.7088,0.237,0.763,0.0,36
136,CBS,Thu Mar 15 17:20:26 +0000 2018,RT @instinctcbs: Dr. Dylan Reinhart is lured back into the field from his life of quiet academia when a certain serial killer makes things…,-0.4939,0.077,0.766,0.157,37
137,CBS,Thu Mar 15 16:42:41 +0000 2018,Stream First Round games LIVE today starting at 12PM ET with a FREE trial of CBS All Access! https://t.co/3P85rXLy4b https://t.co/vZow3YD8cb,0.6514,0.194,0.806,0.0,38
138,CBS,Thu Mar 15 14:32:16 +0000 2018,RT @CBSSports: It's the most wonderful time of the year. #MarchMadness https://t.co/e4c9qohqSR,0.6115,0.266,0.734,0.0,39
139,CBS,Wed Mar 14 19:30:01 +0000 2018,"Give these ladies some love! @Lauren_Alaina, @DBradbery, @carlypearce, and @RaeLynn are nominated for New Female Vo… https://t.co/IVhwURfJ3S",0.6696,0.219,0.781,0.0,40
140,CBS,Tue Mar 13 18:48:52 +0000 2018,"RT @ManWithAPlan: Hungry for more #ManWithAPlan bloopers and behind-the-scenes videos featuring cast like @matt_leblanc, @thelizasnyder, @k…",0.3612,0.143,0.857,0.0,41
141,CBS,Tue Mar 13 14:15:10 +0000 2018,"Music stars @MileyCyrus, @edsheeran, @ladygaga, and more will honor the legendary @eltonofficial and his hit songs… https://t.co/UzxARCCLnI",0.539,0.179,0.821,0.0,42
142,CBS,Mon Mar 12 18:13:28 +0000 2018,RT @thegoodfight: The verdict is in. The new season of #TheGoodFight is ???! Stream it now on CBS All Access: https://t.co/FkYSNSXlRb https…,0.2244,0.083,0.917,0.0,43
143,CBS,Mon Mar 12 01:20:43 +0000 2018,"RT @MadamSecretary: In less than an hour, #MadamSecretary's Keith Carradine will be taking over the @MadamSecretary Twitter page! Tweet alo…",0.0,0.0,1.0,0.0,44
144,CBS,Fri Mar 09 22:48:26 +0000 2018,RT @DierksBentley: Take and post a photo of the woman in your life who inspires you daily! Use the hashtag #WomanAmenACM in your post for a…,0.4926,0.117,0.883,0.0,45
145,CBS,Fri Mar 09 22:24:20 +0000 2018,"RT @MomCBS: If you missed guest star @KChenoweth in the latest episode of #Mom, not to worry! Watch now: https://t.co/RlvXoGOZ0l https://t.…",0.1275,0.113,0.795,0.092,46
146,CBS,Fri Mar 09 21:10:21 +0000 2018,"Give a round of applause to @KelseaBallerini, @MirandaLambert, @Reba, @MarenMorris, and @CarrieUnderwood, the five… https://t.co/Ncp1BTXx6N",0.4215,0.177,0.823,0.0,47
147,CBS,Fri Mar 09 18:27:28 +0000 2018,"RT @thegoodfight: Smart, sexy, and sophisticated. See what's coming this season on #TheGoodFight. https://t.co/CuKhx2G50P https://t.co/ygTI…",0.8658,0.447,0.553,0.0,48
148,CBS,Fri Mar 09 16:02:27 +0000 2018,RT @BlueBloods_CBS: Even stand-up guys fall down sometimes. #BlueBloods is new tonight at 10/9c! https://t.co/UOlDm22wWW,0.0,0.0,1.0,0.0,49
149,CBS,Thu Mar 08 18:00:49 +0000 2018,Today and every day we celebrate the women in our lives who empower and inspire us. Share a story about an influent… https://t.co/9rVtqrElvT,0.8625,0.336,0.664,0.0,50
150,CBS,Thu Mar 08 17:03:04 +0000 2018,Take and post a photo of the woman in your life who inspires you daily! Use the hashtag #WomanAmenACM in your post… https://t.co/7ShhvE48zy,0.4926,0.132,0.868,0.0,51
151,CBS,Wed Mar 07 18:39:10 +0000 2018,"RT @thegoodfight: Meticulously constructed. Soapy &amp; sexy. Intoxicating, savage television. ? Here's what critics are saying about #TheGoodF…",-0.2023,0.15,0.619,0.23,52
152,CBS,Wed Mar 07 17:06:02 +0000 2018,"This just in! @Jason_Aldean, @mirandalambert, @LukeBryanOnline, and many more are set to perform at the 53rd Academ… https://t.co/mfxw2VxzU4",0.0,0.0,1.0,0.0,53
153,CBS,Tue Mar 06 18:10:59 +0000 2018,"Meet the ensemble of talented actors slated to join $1, a new mystery series coming to CBS All Access:… https://t.co/QoyYv7vxwg",0.6705,0.244,0.756,0.0,54
154,CBS,Mon Mar 05 22:16:43 +0000 2018,"Will @Jason_Aldean, @garthbrooks, @LukeBryanOnline, @ChrisStapleton, or @KeithUrban be named Entertainer Of The Yea… https://t.co/rMD8zjeX3s",0.3818,0.167,0.833,0.0,55
155,CBS,Sun Mar 04 08:05:26 +0000 2018,"RT @thegoodfight: It feels good to be back. ??? The season 2 premiere of #TheGoodFight is now streaming, exclusively on CBS All Access: htt…",0.4404,0.116,0.884,0.0,56
156,CBS,Sat Mar 03 20:55:20 +0000 2018,"RT @thegoodfight: Tomorrow, #TheGoodFight is back. Stream the season 2 premiere only on CBS All Access: https://t.co/tNFR8LBJO2 https://t.c…",0.0,0.0,1.0,0.0,57
157,CBS,Fri Mar 02 22:30:01 +0000 2018,"Who are the trailblazing women in your life that inspire you? Join CBS and the ANA's #SeeHer initiative, celebratin… https://t.co/M0KqZ41Bes",0.7096,0.247,0.753,0.0,58
158,CBS,Fri Mar 02 20:30:01 +0000 2018,"Join @maria_bello, @aishatyler and @TeaLeoni in celebrating the accomplishments of women who have contributed to th… https://t.co/MefESBeFL3",0.7096,0.282,0.718,0.0,59
159,CBS,Fri Mar 02 18:45:00 +0000 2018,"In honor of Women's History Month, CBS and the Association of National Advertisers' (ANA) #SeeHer initiative will p… https://t.co/2wtYxKJVuO",0.4939,0.151,0.849,0.0,60
160,CBS,Thu Mar 01 18:59:01 +0000 2018,RT @ZoeListerJones: Tonight’s an all new Life In Pieces and it’s directed by my ride or die @nataliaanderson!!!… https://t.co/2LPfmyLWrY,-0.6981,0.0,0.79,0.21,61
161,CBS,Thu Mar 01 18:12:57 +0000 2018,"RT @MarenMorris: Hot damn! Woke up from my post-wisdom teeth haze to find out I’m up for 4 @ACMawards ! So honored, especially for the Dear…",0.4547,0.159,0.749,0.092,62
162,CBS,Thu Mar 01 18:11:50 +0000 2018,RT @KelseaBallerini: Ohhhhh goodness. Incredible. Thank you thank you thank you. #female https://t.co/1ZTYjNfQeF,0.8591,0.538,0.462,0.0,63
163,CBS,Thu Mar 01 18:10:50 +0000 2018,RT @KeithUrban: ACMs...... HOLY SMOKES!!!!! MAD LOVE TO U ALL THIS MORNING  FOR THESE INCREDIBLE NOMINATIONS. I’M EXTREMELY GRATEFUL!!!!!!!…,0.4885,0.234,0.615,0.151,64
164,CBS,Thu Mar 01 14:36:21 +0000 2018,"RT @ACMawards: Congratulations to this year’s #ACMawards Video of the Year nominees:
“Black” - @DierksBentley
“It Ain’t My Fault” - @Brothe…",0.5994,0.178,0.822,0.0,65
165,CBS,Thu Mar 01 14:29:20 +0000 2018,"RT @ACMawards: Please give a round of applause to this year’s #ACMawards Entertainer of the Year nominees: @Jason_Aldean, @GarthBrooks, @Lu…",0.7717,0.325,0.675,0.0,66
166,CBS,Thu Mar 01 14:15:29 +0000 2018,".@ChrisStapleton, @ThomasRhett, @mirandalambert and more are all nominated for awards at Country Music's Party of t… https://t.co/Vm1vXRUDYJ",0.6908,0.275,0.725,0.0,67
167,CBS,Thu Mar 01 13:50:11 +0000 2018,"The Queen of Country, @Reba, is returning to host the 53rd #ACMawards on Sunday, April 15 at 8/7c. Here are a few o… https://t.co/Iqzz6Gql01",0.0,0.0,1.0,0.0,68
168,CBS,Thu Mar 01 01:04:52 +0000 2018,RT @survivorcbs: It’s time! #Survivor https://t.co/YPk6cGWrUA,0.0,0.0,1.0,0.0,69
169,CBS,Wed Feb 28 19:56:58 +0000 2018,"RT @CBSThisMorning: TOMORROW: The nominees for the 2018 @ACMawards will be announced live by the one-and-only, @Reba! 

Watch on @CBS in ou…",0.0,0.0,1.0,0.0,70
170,CBS,Wed Feb 28 19:08:30 +0000 2018,"RT @thegoodfight: From the set design and costumes to hair and makeup, the production quality is truly next-level. Take a peek inside the u…",0.4404,0.116,0.884,0.0,71
171,CBS,Tue Feb 27 03:23:47 +0000 2018,RT @LivinBiblically: The fun continues on Facebook! The #LivingBiblically cast is live to talk about tonight’s premiere. Tune in here: http…,0.5562,0.152,0.848,0.0,72
172,CBS,Mon Feb 26 22:50:32 +0000 2018,"RT @KevinCanWaitCBS: Can you get all the way through these #KevinCanWait bloopers without laughing?! @KevinJames,@LeahRemini and the rest o…",0.0,0.0,1.0,0.0,73
173,CBS,Mon Feb 26 21:08:30 +0000 2018,"RT @ACMawards: That’s right! @Reba is headed to @CBSThisMorning on Thursday, March 1 to announce this year’s #ACMAwards' nominees. Tune in…",0.0,0.0,1.0,0.0,74
174,CBS,Mon Feb 26 19:53:41 +0000 2018,"RT @ScorpionCBS: You can't hack your way to a 197 IQ, but you are well on your way with these Genius Facts from #TeamScorpion! ? You can be…",0.4482,0.105,0.895,0.0,75
175,CBS,Mon Feb 26 18:32:36 +0000 2018,RT @SuperiorDonuts: You can always count on @DavidKoechner for a laugh! Did your favorite Tush moment make the list? Catch a new #SuperiorD…,0.784,0.266,0.734,0.0,76
176,CBS,Mon Feb 26 18:20:16 +0000 2018,RT @TheTalkCBS: TODAY: We loved them together then &amp; we love seeing them together now! Welcome back to the show @THESaraGilbert?'s good fri…,0.9359,0.429,0.571,0.0,77
177,CBS,Mon Feb 26 16:53:56 +0000 2018,"RT @thegoodfight: As foundations begin to crumble, our characters struggle to make sense of this new dystopian world. The cast teases what'…",-0.5423,0.0,0.816,0.184,78
178,CBS,Mon Feb 26 16:52:01 +0000 2018,"#LivingBiblically's @linzkraft and @jrfergjr appeared on @KCBS's Facebook Live this morning, talking all about what… https://t.co/4RebcHuuMQ",0.0,0.0,1.0,0.0,79
179,CBS,Mon Feb 26 16:17:55 +0000 2018,"RT @CBSSports: Introducing CBS Sports HQ, a New 24/7 Direct-to-Consumer Streaming Network for Sports News, Highlights, &amp; Analysis.

Stream…",0.0,0.0,1.0,0.0,80
180,CBS,Mon Feb 26 01:12:32 +0000 2018,"RT @CBSBigBrother: It’s down to the final 5 celebrity Houseguests, and anyone could take home the grand prize! Tune in NOW to watch the #BB…",0.7644,0.231,0.769,0.0,81
181,CBS,Sun Feb 25 21:51:32 +0000 2018,RT @startrekcbs: Binge the entire first season of #StarTrekDiscovery. All episodes now streaming exclusively on CBS All Access: https://t.c…,0.0,0.0,1.0,0.0,82
182,CBS,Sun Feb 25 21:51:22 +0000 2018,"RT @thegoodfight: #TheGoodFight returns in 1 week. Season 2 premieres Sunday, March 4. https://t.co/nomCao1GWp https://t.co/BOn6bOe9Tb",0.0,0.0,1.0,0.0,83
183,CBS,Fri Feb 23 18:15:40 +0000 2018,RT @thegoodfight: This is our new favorite thing. Christine Baranski debuted #TheGoodFight the Musical on @colbertlateshow last night! ??…,0.5093,0.155,0.845,0.0,84
184,CBS,Thu Feb 22 19:26:52 +0000 2018,"RT @LivinBiblically: Confession time: have YOU ever hit the ""close door"" button in an elevator while somebody was approaching? The cast of…",0.0,0.0,1.0,0.0,85
185,CBS,Wed Feb 21 19:20:04 +0000 2018,RT @CBSEyeSpeak: Mark your calendars! #CBSEyeSpeak kicks off March 14 with The EYE Speak Summit. Follow our page for more details! https://…,0.0,0.0,1.0,0.0,86
186,CBS,Wed Feb 21 18:19:25 +0000 2018,"RT @CBSEyeSpeak: Proud to announce a new CBS initiative, promoting female empowerment and developing the next generation of leaders through…",0.6808,0.248,0.752,0.0,87
187,CBS,Tue Feb 20 19:55:19 +0000 2018,"RT @LivinBiblically: When you're living by the Bible, it's good to have a priest and a rabbi on call (provided they answer their phones, th…",0.4404,0.116,0.884,0.0,88
188,CBS,Tue Feb 20 17:58:18 +0000 2018,"RT @thegoodfight: Chicago lawyers are being hunted and the world is going insane. 

The new season of #TheGoodFight premieres Sunday, March…",-0.4019,0.0,0.881,0.119,89
189,CBS,Tue Feb 20 17:39:51 +0000 2018,Ready for some larger than life competition? This new series from @MarkBurnettTV will premiere in summer 2018.… https://t.co/gDXHLdIJ5v,0.3612,0.128,0.872,0.0,90
190,CBS,Sat Feb 17 01:07:20 +0000 2018,"With tournament dreams on the line, make sure to stream these college basketball matchups on CBS All Access:… https://t.co/SGkYUZrQWB",0.6124,0.227,0.773,0.0,91
191,CBS,Fri Feb 16 18:42:43 +0000 2018,"RT @LivinBiblically: While Chip's sticking to the Bible's original rules, the cast of #LivingBiblically has given them a more modern makeov…",0.3182,0.108,0.892,0.0,92
192,CBS,Fri Feb 16 17:48:20 +0000 2018,"Casting News! Peter Mark Kendall, Michael Gaston, Greg Wise, Rade Šerbedžija, Zack Pearlman, and Keye Chen join the… https://t.co/GFob2KrD8H",0.68,0.248,0.752,0.0,93
193,CBS,Wed Feb 14 19:23:27 +0000 2018,RT @BullCBS: The verdict is in...#Bull is the perfect Valentine! ?? Happy #ValentinesDay! https://t.co/poEejI4AnC,0.8619,0.466,0.534,0.0,94
194,CBS,Tue Feb 13 20:03:56 +0000 2018,"RT @NoActivityCBS: Car 27 reporting: Season 2 of #NoActivity coming soon!

Binge season one now on CBS All Access: https://t.co/yvxoQMeyhN…",0.0,0.0,1.0,0.0,95
195,CBS,Tue Feb 13 18:54:52 +0000 2018,"RT @LivinBiblically: Against all odds (and the advice of his God Squad), Chip is determined to live life by the Good Book. Think you could…",0.7506,0.252,0.748,0.0,96
196,CBS,Mon Feb 12 18:49:45 +0000 2018,RT @thegoodfight: Christine Baranski reflects upon the spectacular metamorphosis of her character in #TheGoodFight's first season. Revisit…,0.0,0.0,1.0,0.0,97
197,CBS,Mon Feb 12 01:32:33 +0000 2018,RT @startrekcbs: Binge the entire first season of #StarTrekDiscovery. All 15 episodes now streaming on CBS All Access: https://t.co/lKLaptP…,0.0,0.0,1.0,0.0,98
198,CBS,Fri Feb 09 00:50:01 +0000 2018,RT @SuperiorDonuts: Looking for a #Valentine? Tush is here to help you land your dream date just in time for the day of love! #SuperiorDonu…,0.8478,0.304,0.696,0.0,99
199,CBS,Thu Feb 08 16:09:35 +0000 2018,RT @CBSBigBrother: The pressure is on as the Houseguests battle each other for victory in the first HOH competition. Stream the season prem…,-0.5859,0.0,0.814,0.186,100
200,CNN,Tue Mar 27 12:30:08 +0000 2018,Why would Kim Jong Un make a secret trip to China? https://t.co/fLriLREnPK https://t.co/GGqkwHg9dv,0.0,0.0,1.0,0.0,1
201,CNN,Tue Mar 27 12:15:05 +0000 2018,"Germany has a far-right enemy within, writes Paul Hockenos for @CNNOpinion https://t.co/taphGDaAVM https://t.co/dBQm5cxRsZ",-0.5423,0.0,0.759,0.241,2
202,CNN,Tue Mar 27 12:00:11 +0000 2018,Water park executives charged in 10-year-old's death https://t.co/g4YxddzT9Y https://t.co/f4QN75CO3U,-0.6908,0.0,0.551,0.449,3
203,CNN,Tue Mar 27 11:45:08 +0000 2018,Facebook CEO Mark Zuckerberg won't appear before UK lawmakers https://t.co/8fEYaECWKg https://t.co/E6AZ2LnRB5,0.0,0.0,1.0,0.0,4
204,CNN,Tue Mar 27 11:30:47 +0000 2018,"""Going into Rio I was in the best physical shape of my entire life. ... and that meant nothing because mentally I w… https://t.co/YPVhYQ99R0",0.6369,0.167,0.833,0.0,5
205,CNN,Tue Mar 27 11:15:10 +0000 2018,Is President Trump's silence on Russian President Vladimir Putin and porn star Stormy Daniels telling?… https://t.co/1kidsp6e4g,0.0,0.0,1.0,0.0,6
206,CNN,Tue Mar 27 11:00:08 +0000 2018,Paris police treat murder of Holocaust survivor as anti-Semitic attack https://t.co/6PCyVCPdpS https://t.co/cuz3T6LiKQ,-0.5574,0.248,0.381,0.371,7
207,CNN,Tue Mar 27 10:45:05 +0000 2018,Here are 5 things you need to know today https://t.co/qRZURBA66J https://t.co/JByDGZBHYI,0.0,0.0,1.0,0.0,8
208,CNN,Tue Mar 27 10:30:07 +0000 2018,Photographer Gregor Sailer explores the haunting artifice of fake villages around the world https://t.co/cu4bLm50sI https://t.co/61ssTTUZTy,-0.6369,0.0,0.714,0.286,9
209,CNN,Tue Mar 27 10:21:32 +0000 2018,Fact-checking Tucker Carlson on diversity in America https://t.co/7S7y05oOBX | Analysis by Ronald Brownstein https://t.co/GZVSCDATFz,0.0,0.0,1.0,0.0,10
210,CNN,Tue Mar 27 10:11:06 +0000 2018,Arizona has suspended Uber's self-driving car tests in the state following a fatal crash involving one of the compa… https://t.co/d3y4VVxlno,-0.8519,0.0,0.632,0.368,11
211,CNN,Tue Mar 27 10:02:01 +0000 2018,"A fire that tore through a shopping center killing at least 64 people, including many children, was caused by ""crim… https://t.co/bmW36iQrB9",-0.7783,0.0,0.714,0.286,12
212,CNN,Tue Mar 27 09:54:05 +0000 2018,"A Chinese space lab is expected to fall to Earth in ""fiery demise"" within days https://t.co/QJdgdhEm3x https://t.co/MkliVvavxU",-0.34,0.0,0.862,0.138,13
213,CNN,Tue Mar 27 09:43:03 +0000 2018,"There is a strong possibility that North Korean leader Kim Jong Un is in Beijing, an official with deep knowledge o… https://t.co/vYteCRt7L6",0.5106,0.142,0.858,0.0,14
214,CNN,Tue Mar 27 09:37:05 +0000 2018,Films with women or minorities in lead roles have led the box office 11 out of 12 weekends this year… https://t.co/cukwL2Lz6Q,0.0,0.0,1.0,0.0,15
215,CNN,Tue Mar 27 09:26:35 +0000 2018,"The US is showing off its military strength with F-35B fighter jets, Ospreys and warships all off the coast of Japa… https://t.co/4xUliTiSeW",0.5106,0.19,0.751,0.059,16
216,CNN,Tue Mar 27 09:01:21 +0000 2018,You may not knead to keep the crust on after all https://t.co/iOb0QZXQSr,0.0,0.0,1.0,0.0,17
217,CNN,Tue Mar 27 08:47:40 +0000 2018,"""You're these Olympic athletes, you're supposed to be really strong, you're supposed to be really confident.

""I th… https://t.co/XpTSZ6PqmQ",0.7956,0.294,0.706,0.0,18
218,CNN,Tue Mar 27 08:24:59 +0000 2018,"The US government is officially investigating Facebook, the Federal Trade Commission confirms… https://t.co/IMeV2fkAK7",0.0,0.0,1.0,0.0,19
219,CNN,Tue Mar 27 08:08:07 +0000 2018,"Elliott Broidy, a venture capitalist and fundraiser for US President Donald Trump's 2016 campaign, is suing Qatar,… https://t.co/a6fU8y30fj",-0.2732,0.0,0.884,0.116,20
220,CNN,Tue Mar 27 08:08:04 +0000 2018,Apple is hosting an education-focused event in Chicago on Tuesday to likely reveal what it believes is the future o… https://t.co/icRtWXGSfe,0.0,0.0,1.0,0.0,21
221,CNN,Tue Mar 27 08:01:01 +0000 2018,Here are 9 ways to celebrate Prince Harry and Meghan Markle's royal wedding in style https://t.co/VGueCtKURm https://t.co/jO8QhYZ1uz,0.5719,0.198,0.802,0.0,22
222,CNN,Tue Mar 27 07:57:27 +0000 2018,President Donald Trump's blistering tongue and stinging tweets spare almost no one. But there are two blatant excep… https://t.co/tTlPC1beFC,-0.228,0.0,0.904,0.096,23
223,CNN,Tue Mar 27 07:51:05 +0000 2018,Is this the world's most luxurious airport? https://t.co/Bi3Awl1ALu via @CNNTravel https://t.co/rkeVjUVlA0,0.0,0.0,1.0,0.0,24
224,CNN,Tue Mar 27 07:33:07 +0000 2018,"Heineken has pulled an ad with the tagline ""Sometimes lighter is better"" after critics slammed it as racist.… https://t.co/ENY78J1Xw5",0.1779,0.131,0.769,0.1,25
225,CNN,Tue Mar 27 07:31:06 +0000 2018,"Britain will leave the EU on March 29, 2019 -- but quite what Brexit will entail depends on who you listen to.… https://t.co/Fz1OZjH9cG",-0.0258,0.0,0.952,0.048,26
226,CNN,Tue Mar 27 07:21:52 +0000 2018,"Bill Gates tells Nigerian leaders to ""face facts"" so they can make progress https://t.co/CE32gsgzkY https://t.co/sPLRKrvTGX",0.4215,0.167,0.833,0.0,27
227,CNN,Tue Mar 27 07:02:16 +0000 2018,"11,000 years ago, our ancestors survived abrupt climate change https://t.co/pJxWePn95j https://t.co/49pVMxlBWK",0.5106,0.248,0.752,0.0,28
228,CNN,Tue Mar 27 06:45:26 +0000 2018,US Army veteran who served two tours in Afghanistan has been deported to Mexico https://t.co/yWoFp27VPQ https://t.co/J16Ez5pYEC,0.0,0.0,1.0,0.0,29
229,CNN,Tue Mar 27 06:40:05 +0000 2018,"A fire that tore through a shopping center killing at least 64 people, including many children, was caused by ""crim… https://t.co/oahnrxnX61",-0.7783,0.0,0.714,0.286,30
230,CNN,Tue Mar 27 06:31:06 +0000 2018,Where fat goes when you lose weight https://t.co/msbLdjhJZ7 https://t.co/YS8pKCKdQl,-0.4019,0.0,0.748,0.252,31
231,CNN,Tue Mar 27 06:21:58 +0000 2018,"Russia has threatened retaliation over one of the largest mass expulsions of its diplomats in history, after at lea… https://t.co/3u4T0D78fG",-0.4588,0.0,0.864,0.136,32
232,CNN,Tue Mar 27 06:16:06 +0000 2018,Former President Jimmy Carter sharply criticized President Trump's decision to appoint John Bolton as national secu… https://t.co/74uqRAdZpu,-0.3612,0.0,0.865,0.135,33
233,CNN,Tue Mar 27 06:13:04 +0000 2018,Meet the 21-year-old journalist making headlines in Pakistan by becoming the country's first transgender news ancho… https://t.co/CzmkA0BKE6,0.0,0.0,1.0,0.0,34
234,CNN,Tue Mar 27 06:01:05 +0000 2018,How the Parkland students pulled off a massive national protest in only 5 weeks https://t.co/lmACzB1I6j https://t.co/W3dr1YL2LN,-0.25,0.0,0.867,0.133,35
235,CNN,Tue Mar 27 05:58:01 +0000 2018,"There is a strong possibility that North Korean leader Kim Jong Un is in Beijing, an official with deep knowledge o… https://t.co/3v5dZlKuiW",0.5106,0.142,0.858,0.0,36
236,CNN,Tue Mar 27 05:54:52 +0000 2018,Arizona has suspended Uber's self-driving car tests in the state following a fatal crash involving one of the compa… https://t.co/2Q23dCIEoF,-0.8519,0.0,0.632,0.368,37
237,CNN,Tue Mar 27 05:46:04 +0000 2018,Films with women or minorities in lead roles have led the box office 11 out of 12 weekends this year… https://t.co/YjxkpVbYno,0.0,0.0,1.0,0.0,38
238,CNN,Tue Mar 27 05:43:10 +0000 2018,Heavy security in Beijing and the presence of what appears to be a train that belongs to North Korea's ruling Kim f… https://t.co/p5qYYp11ZC,0.34,0.103,0.897,0.0,39
239,CNN,Tue Mar 27 05:33:26 +0000 2018,Is Kim Jong Un in China? https://t.co/IwENutQIvK https://t.co/d3WKCoRLNK,0.0,0.0,1.0,0.0,40
240,CNN,Tue Mar 27 05:31:05 +0000 2018,"Through his foundation, former President Barack Obama says he hopes to ""create a hundred, or a thousand, or a milli… https://t.co/iOncd1OfBZ",0.5994,0.234,0.766,0.0,41
241,CNN,Tue Mar 27 05:16:03 +0000 2018,Most Americans already thought Trump was a cheater before the Stormy Daniels interview | Analysis by CNN's Harry En… https://t.co/hXbuiIZ7SV,-0.5423,0.0,0.829,0.171,42
242,CNN,Tue Mar 27 05:01:06 +0000 2018,"Draylen Mason never knew it, but he had been accepted into the prestigous Oberlin Conservatory of Music before he w… https://t.co/RuMOpPpKgG",0.3919,0.117,0.883,0.0,43
243,CNN,Tue Mar 27 04:46:01 +0000 2018,Thousands of new voters signed up during the March for Our Lives https://t.co/47UGsv6GJo https://t.co/0TVLMntqzg,0.0,0.0,1.0,0.0,44
244,CNN,Tue Mar 27 04:31:06 +0000 2018,"A strange and unsettling sight greeted passersby in central London: Life-sized sculptures of 84 men, perched on the… https://t.co/Z7Dz6vQafa",0.0772,0.106,0.804,0.09,45
245,CNN,Tue Mar 27 04:16:53 +0000 2018,An animation of Parkland shooting survivor Emma Gonzalez ripping the US Constitution in two went viral on social me… https://t.co/jP5BOxyDp5,0.3612,0.116,0.884,0.0,46
246,CNN,Tue Mar 27 04:01:06 +0000 2018,"Linda Brown, who as a little girl was at the center of the Brown v. Board of Education US Supreme Court case that e… https://t.co/UXmRqOXOF8",0.5574,0.135,0.865,0.0,47
247,CNN,Tue Mar 27 03:46:05 +0000 2018,The prices of the 20 most commonly prescribed brand-name drugs for seniors have risen nearly 10 times more than the… https://t.co/NQ06iLNMro,0.0,0.0,1.0,0.0,48
248,CNN,Tue Mar 27 03:31:03 +0000 2018,"Sources tell CNN that Interior Secretary Ryan Zinke has repeatedly said he won’t focus on diversity, making comment… https://t.co/HK2Z6voCew",0.0,0.0,1.0,0.0,49
249,CNN,Tue Mar 27 03:16:03 +0000 2018,"The US government is officially investigating Facebook, the Federal Trade Commission confirms… https://t.co/NJDe2qH2aa",0.0,0.0,1.0,0.0,50
250,CNN,Tue Mar 27 03:01:03 +0000 2018,President Trump writes a letter to the family of Parkland victim Meadow Pollack https://t.co/DRsYlRLZGX https://t.co/Cr0Y7UYYai,-0.2732,0.0,0.861,0.139,51
251,CNN,Tue Mar 27 02:46:04 +0000 2018,"A Chinese space lab is expected to fall to Earth in ""fiery demise"" within days https://t.co/lh4pE8Dva5 https://t.co/A5mTouVLbB",-0.34,0.0,0.862,0.138,52
252,CNN,Tue Mar 27 02:31:06 +0000 2018,"In her first trip to New York's capital since announcing her gubernatorial campaign, actress Cynthia Nixon referred… https://t.co/53mH9H8o4g",0.0,0.0,1.0,0.0,53
253,CNN,Tue Mar 27 02:30:54 +0000 2018,"RT @CNNTonight: Stormy Daniels' friend Alana Evans: President Trump should ""own up to what he did. Own up to the relationships. Own up to t…",0.4939,0.118,0.882,0.0,54
254,CNN,Tue Mar 27 02:22:26 +0000 2018,"In a controversial move, the Commerce Department has said the question of citizenship will again be included in the… https://t.co/TlAorhGDcZ",-0.2023,0.0,0.909,0.091,55
255,CNN,Tue Mar 27 02:19:29 +0000 2018,RT @AC360: “You are looking for a way to impeach my President” Female Trump supporters tell @RandiKayeCNN they aren’t bothered by Stormy Da…,0.1531,0.115,0.794,0.091,56
256,CNN,Tue Mar 27 02:15:07 +0000 2018,"11,000 years ago, our ancestors survived abrupt climate change https://t.co/6FeFgLcclf https://t.co/UkjvAq03Hy",0.5106,0.248,0.752,0.0,57
257,CNN,Tue Mar 27 02:00:18 +0000 2018,7 things we learned on the groundbreaking Qantas air route from Australia to the UK https://t.co/3nYK6gYbuK https://t.co/o7DyKG0YXN,0.0,0.0,1.0,0.0,58
258,CNN,Tue Mar 27 01:55:36 +0000 2018,"Police in Michigan have arrested William Strampel, a former Michigan State University dean and boss of Larry Nassar… https://t.co/HJNVddE7hQ",-0.4767,0.0,0.846,0.154,59
259,CNN,Tue Mar 27 01:51:01 +0000 2018,Louisiana Attorney General Jeff Landry will provide an update on the investigation of Alton Sterling's fatal shooti… https://t.co/jbjm8osVvN,-0.5423,0.0,0.829,0.171,60
260,CNN,Tue Mar 27 01:45:06 +0000 2018,Why the Iranian-backed Houthi high command has added fuel to fire with missile attacks on Saudi Arabia… https://t.co/4XmwWZyTzS,-0.6486,0.0,0.751,0.249,61
261,CNN,Tue Mar 27 01:42:33 +0000 2018,RT @CNNPolitics: President Trump writes a letter to the family of Parkland victim Meadow Pollack https://t.co/LzyPzCd7Jg https://t.co/MbO4v…,-0.2732,0.0,0.877,0.123,62
262,CNN,Tue Mar 27 01:40:31 +0000 2018,"In her 1st trip to New York's capital since announcing her gubernatorial campaign, Cynthia Nixon referred to Gov. C… https://t.co/OLiBFbabAA",0.0,0.0,1.0,0.0,63
263,CNN,Tue Mar 27 01:39:08 +0000 2018,"As a young girl growing up in New Jersey in the wake of 9/11, Amani Al-Khatahtbeh concealed the fact that she was M… https://t.co/EEiAd3j3SH",0.1779,0.072,0.928,0.0,64
264,CNN,Tue Mar 27 01:30:11 +0000 2018,An immigration bill you've never heard of will solve US's labor shortage https://t.co/HQ2aN7ltWm https://t.co/hHT8eJNm8Z,-0.0516,0.114,0.759,0.127,65
265,CNN,Tue Mar 27 01:25:03 +0000 2018,"President Trump pens a letter to the family of Parkland victim Meadow Pollack: ""We will not forget her life""… https://t.co/AvZlRrz8y5",-0.1114,0.08,0.819,0.101,66
266,CNN,Tue Mar 27 01:20:05 +0000 2018,"Democratic Sen. Bob Menendez warned that Interior Secretary Ryan Zinke is moving toward a ""lily-white"" agency with… https://t.co/uOCj7JrVtc",-0.2732,0.0,0.884,0.116,67
267,CNN,Tue Mar 27 01:15:07 +0000 2018,The Dow surges 669 points as trade war fears cool https://t.co/RjL3HozLCy https://t.co/T2qnWB0x03,-0.6597,0.128,0.5,0.372,68
268,CNN,Tue Mar 27 01:10:02 +0000 2018,"""For every article about Facebook's creepy stalker behavior, thousands of other companies are breathing a collectiv… https://t.co/I73hKkxFSS",0.0,0.0,1.0,0.0,69
269,CNN,Tue Mar 27 01:00:25 +0000 2018,"Bill Gates tells Nigerian leaders to ""face facts"" so they can make progress https://t.co/K245VTHQnl https://t.co/wqa0Ra2lck",0.4215,0.167,0.833,0.0,70
270,CNN,Tue Mar 27 00:55:04 +0000 2018,A former Obama White House official says the US government could have thwarted a Russian troll group's attempts to… https://t.co/9WOOoArQUR,-0.0258,0.0,0.939,0.061,71
271,CNN,Tue Mar 27 00:51:19 +0000 2018,"RT @OutFrontCNN: After Sunday evening's wide-ranging and detailed interview on 60 Minutes, the President may need to hunker down - his 60 d…",0.0,0.0,1.0,0.0,72
272,CNN,Tue Mar 27 00:50:03 +0000 2018,"Most people don't think the ""law and order"" president respects the rule of law | Analysis by CNN's Gregory Krieg an… https://t.co/ivKsF9ynqh",0.3182,0.103,0.897,0.0,73
273,CNN,Tue Mar 27 00:45:05 +0000 2018,"Arianna Huffington wants to help fix our ""culture of burnout"" https://t.co/DVjrNGcZWt https://t.co/rLd8rueFVp",0.4019,0.197,0.803,0.0,74
274,CNN,Tue Mar 27 00:40:07 +0000 2018,"A former NFL cheerleader, who was fired in part for an Instagram post that was deemed inappropriate, is alleging ge… https://t.co/qlohRXB1ml",-0.4019,0.081,0.766,0.153,75
275,CNN,Tue Mar 27 00:35:04 +0000 2018,Trump's approval rating is *this* close to Obama's and Reagan's | Analysis by CNN's Z. Byron Wolf… https://t.co/EL7FdNDYaC,0.4767,0.162,0.838,0.0,76
276,CNN,Tue Mar 27 00:30:16 +0000 2018,Killer Mike posted two videos on Sunday apologizing for a video interview he did with the NRA… https://t.co/V3cMEoDV0W,-0.6808,0.0,0.728,0.272,77
277,CNN,Tue Mar 27 00:25:04 +0000 2018,Mueller's critics are wrong about his role | By Michael Zeldin via @CNNOpinion https://t.co/5oN0lvV3nV https://t.co/LzDb4qcuAt,-0.6486,0.0,0.694,0.306,78
278,CNN,Tue Mar 27 00:22:00 +0000 2018,"Jared Kushner’s meetings are under investigation for potential conflicts, a letter from the Office of Government Et… https://t.co/kUglZm2CcE",-0.3818,0.0,0.86,0.14,79
279,CNN,Tue Mar 27 00:15:06 +0000 2018,Wall Street's head-spinning reaction to trade headlines https://t.co/wHPLURl5BV https://t.co/i1AJ0jPopN,0.0,0.0,1.0,0.0,80
280,CNN,Tue Mar 27 00:12:51 +0000 2018,"RT @OutFrontCNN: ""You just can't have a person in that position who does not have a full security clearance"" - Joan Walsh of The Nation res…",-0.2584,0.0,0.915,0.085,81
281,CNN,Tue Mar 27 00:10:06 +0000 2018,"President Trump has stayed in touch with Rob Porter, a former aide who resigned after accusations of spousal abuse… https://t.co/0CcPRf1i0Y",-0.7845,0.0,0.669,0.331,82
282,CNN,Tue Mar 27 00:05:30 +0000 2018,Starting now: Anderson Cooper's interview with Stormy Daniels replays now on CNN. https://t.co/UYpqI3esEb https://t.co/87zXwajZTN,0.0,0.0,1.0,0.0,83
283,CNN,Tue Mar 27 00:05:09 +0000 2018,You'll know the gun control movement is winning when... | Analysis by CNN's Gregory Krieg https://t.co/iT8rw9CkXI https://t.co/bOlllLHuu9,0.25,0.172,0.707,0.121,84
284,CNN,Tue Mar 27 00:00:19 +0000 2018,Austin seeks peace amid the grief https://t.co/ceCQor8DX3 | via @CNNOpinion https://t.co/aK3Q1IB0o5,0.0772,0.238,0.544,0.218,85
285,CNN,Mon Mar 26 23:55:17 +0000 2018,Did the Trump campaign and John Bolton's super PAC get help from overseas? | By Fred Wertheimer and Norman Eisen fo… https://t.co/dTabQC4fK6,0.765,0.258,0.742,0.0,86
286,CNN,Mon Mar 26 23:48:48 +0000 2018,These are all the countries that are expelling Russian diplomats https://t.co/kDqWGm1Lnp https://t.co/JPKciaQwCQ,-0.3818,0.0,0.809,0.191,87
287,CNN,Mon Mar 26 23:45:04 +0000 2018,How the cricket cheating scandal in Australia harms the national psyche https://t.co/6E7MA3eiti | via @CNNOpinion https://t.co/cYJlFKlMMY,-0.8658,0.0,0.553,0.447,88
288,CNN,Mon Mar 26 23:38:28 +0000 2018,The bankruptcy of Remington marks a blow to the gun industry and the decline of one of America's oldest gun compani… https://t.co/G2PWuxAspF,-0.5859,0.0,0.798,0.202,89
289,CNN,Mon Mar 26 23:30:14 +0000 2018,Iceland is bringing geothermal heating to China https://t.co/Wf4gihkyDN https://t.co/f0hoj5EIA0,0.0,0.0,1.0,0.0,90
290,CNN,Mon Mar 26 23:15:03 +0000 2018,Garry Shandling and Arthur Miller profiled in deeply personal HBO docs https://t.co/1X8tKxUvjh https://t.co/KMrwH3hLUS,0.0,0.0,1.0,0.0,91
291,CNN,Mon Mar 26 23:10:09 +0000 2018,.@AriannaHuff tells @PoppyHarlowCNN we need to “disconnect in a connected world today” and why she wants to you to… https://t.co/Bwr5LYw2kh,0.0,0.0,1.0,0.0,92
292,CNN,Mon Mar 26 23:05:01 +0000 2018,"Netflix has its eye on another season of ""Queer Eye for the Straight Guy"" https://t.co/cziEB1gMeG https://t.co/UA5gAd6tyv",0.2263,0.112,0.888,0.0,93
293,CNN,Mon Mar 26 23:00:28 +0000 2018,"""The Terror"" finds icy horror in doomed voyage https://t.co/7AhoP75z49 https://t.co/JOO4f5SDAU",-0.9062,0.0,0.383,0.617,94
294,CNN,Mon Mar 26 22:55:04 +0000 2018,"Do you have a right to know who's watching you on the internet, and how? This privacy activist is on a mission to g… https://t.co/8jfIHVbau2",0.0,0.0,1.0,0.0,95
295,CNN,Mon Mar 26 22:45:07 +0000 2018,Mystery train carries rumors about a Kim Jong Un visit to China https://t.co/LzOjWoxf0r https://t.co/afC1hRZxie,0.0,0.0,1.0,0.0,96
296,CNN,Mon Mar 26 22:41:27 +0000 2018,"President Trump's approval rating rose to 42% in a new CNN poll, its highest level since the 100-day mark of Trump'… https://t.co/jAaIkC2jnz",0.4767,0.134,0.866,0.0,97
297,CNN,Mon Mar 26 22:40:57 +0000 2018,Harry Potter inspired the Parkland generation | By Rachel Sklar via @CNNOpinion https://t.co/ZUO9Nkl3Wu https://t.co/7bWW4yIncy,0.4939,0.211,0.789,0.0,98
298,CNN,Mon Mar 26 22:32:24 +0000 2018,"Cambridge Analytica sent non-US citizens to work on American campaigns during the 2014 midterm election cycle, a fo… https://t.co/SUkg3i2FWc",0.0,0.0,1.0,0.0,99
299,CNN,Mon Mar 26 22:31:16 +0000 2018,"RT @CNNMoney: ""It's easy to take for granted all of these gifts Mother Nature gives us."" Director Darren Aronofsky and producer Ari Handel…",0.5994,0.189,0.811,0.0,100
300,Fox,Tue Mar 27 09:00:45 +0000 2018,@darngooood I’m perpetually inspired by your clothing style. ???,0.4939,0.286,0.714,0.0,1
301,Fox,Tue Mar 27 02:09:57 +0000 2018,"@mspowahs ugh damn Facebook, the root of evil",-0.872,0.0,0.336,0.664,2
302,Fox,Tue Mar 27 01:25:24 +0000 2018,"Company: Diversity and inclusion are really important to us!

Company has:

? Zero women
? Women only in support, m… https://t.co/MZmNK67D6a",0.623,0.23,0.77,0.0,3
303,Fox,Tue Mar 27 00:54:50 +0000 2018,"RT @zeynep: Show me your budget and business model, and I’ll know your actual priorities. The rest is mostly PR. https://t.co/hy3XyoW3Lt",0.0,0.0,1.0,0.0,4
304,Fox,Mon Mar 26 23:23:04 +0000 2018,@jennwrites the voices are coming from inside the house,0.0,0.0,1.0,0.0,5
305,Fox,Mon Mar 26 23:22:32 +0000 2018,@lara_hogan Congratulations! You both look fantastic. ?,0.8313,0.661,0.339,0.0,6
306,Fox,Mon Mar 26 22:37:19 +0000 2018,"RT @menajew: There’s a common misconception that you can’t be Disabled and happy. That you can’t express joy, and if you do, you must not b…",0.8176,0.246,0.754,0.0,7
307,Fox,Mon Mar 26 22:25:49 +0000 2018,"Meanwhile in Poland, where the government is still trying to push an abortion ban and curb women’s rights. https://t.co/zTmJo9P2gy",-0.5574,0.0,0.833,0.167,8
308,Fox,Mon Mar 26 07:00:10 +0000 2018,"A casual reminder that you don’t need to be an entrepreneur, founder, C-level exec or a manager for your work to ma… https://t.co/jcxAagr1cL",0.2023,0.083,0.917,0.0,9
309,Fox,Mon Mar 26 06:58:15 +0000 2018,"@kouky @benschwarz It’s for me, obviously",0.0,0.0,1.0,0.0,10
310,Fox,Mon Mar 26 03:56:41 +0000 2018,"Seriously, @wnotw? Alcohol is the top perk you can think of? https://t.co/itaV4XwmOZ",0.1179,0.156,0.722,0.123,11
311,Fox,Mon Mar 26 03:44:31 +0000 2018,RT @sarahcuda: this is well put. https://t.co/5sDOcqX29b,0.2732,0.259,0.741,0.0,12
312,Fox,Mon Mar 26 02:47:03 +0000 2018,I need this pin immediately. https://t.co/EHTEFefzop,0.0,0.0,1.0,0.0,13
313,Fox,Mon Mar 26 02:42:53 +0000 2018,@dgoodlad might be of your interest https://t.co/pS2X5ExrLs,0.4588,0.333,0.667,0.0,14
314,Fox,Mon Mar 26 00:26:16 +0000 2018,"Less mentoring, more empowerment.",0.0,0.0,1.0,0.0,15
315,Fox,Mon Mar 26 00:07:12 +0000 2018,"My life in a nutshell (plus a few great strategies on not talking about “being a woman in tech”).

?? @vaurorapub!

https://t.co/aTlTP0F8jI",0.6588,0.196,0.804,0.0,16
316,Fox,Mon Mar 26 00:05:56 +0000 2018,"Do yourself a favour and read this fantastic piece by @sw and @vaurorapub on getting free from toxic tech culture.

https://t.co/CzPs8FaBcL",0.8873,0.381,0.619,0.0,17
317,Fox,Sun Mar 25 23:28:32 +0000 2018,"After running a 4-day conference and I’m now back on calling out exclusion and toxic tech culture.

????? ??",-0.296,0.0,0.885,0.115,18
318,Fox,Sun Mar 25 20:48:09 +0000 2018,"@benschwarz @adactio Also coffee at Karma, sweets at Massolit Bakery, wine at Charlotte, beer at Multi Qlti :)",0.7351,0.279,0.721,0.0,19
319,Fox,Sun Mar 25 01:36:33 +0000 2018,RT @bubsolow: starting the job hunt ? would appreciate any junior developer roles / feedback on my resume https://t.co/PiSPoASsEf,0.4019,0.144,0.856,0.0,20
320,Fox,Sat Mar 24 20:59:43 +0000 2018,"@jennschiffer @laras126 @gr2m @jimthoburn @rouzbeh84 Yep, I just wanted to clarify why I was asking :)",0.6369,0.302,0.698,0.0,21
321,Fox,Sat Mar 24 20:44:20 +0000 2018,"@jennschiffer @laras126 @gr2m @jimthoburn @rouzbeh84 I understand that, however I’d like to point out that there ar… https://t.co/Bn3xxN1M2S",0.3612,0.135,0.865,0.0,22
322,Fox,Sat Mar 24 10:01:49 +0000 2018,My event organizing performance review lies in community impressions. ?? https://t.co/4mzFEwwzKR,-0.2263,0.139,0.657,0.204,23
323,Fox,Sat Mar 24 09:37:21 +0000 2018,@laras126 @gr2m @jimthoburn @rouzbeh84 @jennschiffer Hmmmm... did that go through the rules for running a CSSConf? https://t.co/KaFgIwo4Rd,0.0,0.0,1.0,0.0,24
324,Fox,Sat Mar 24 01:41:30 +0000 2018,"I wish all of the brands capitalizing on the feminist movement at least had some baseline of inclusion.

Make it in… https://t.co/yK3F8MMBP0",0.4019,0.119,0.881,0.0,25
325,Fox,Fri Mar 23 23:03:43 +0000 2018,"Looking to read some new, good product and design books. Any recommendations for publications within the last 3 years? ?",0.4404,0.146,0.854,0.0,26
326,Fox,Fri Mar 23 23:03:00 +0000 2018,"@tsunamino omg, so excellent!",0.7213,0.627,0.373,0.0,27
327,Fox,Fri Mar 23 22:54:03 +0000 2018,@sch Sure! Thank you for being open to chatting. Emailed. :),0.7959,0.503,0.497,0.0,28
328,Fox,Fri Mar 23 22:32:15 +0000 2018,"@sch I’m in Melbourne, which has 5 hours overlap with SF :)",0.4588,0.231,0.769,0.0,29
329,Fox,Fri Mar 23 22:17:43 +0000 2018,@sch hey! I’m assuming this isn’t a remote job?,0.0,0.0,1.0,0.0,30
330,Fox,Fri Mar 23 22:09:16 +0000 2018,"@jasonfried I always really enjoyed 37signals’ books, but I can’t unsee the ableism in the title...",0.3174,0.15,0.85,0.0,31
331,Fox,Fri Mar 23 22:08:00 +0000 2018,I’d love to have more time to build up my professional portfolio but it’s hard to focus when there’s no job securit… https://t.co/QOnLi6v91M,-0.2023,0.096,0.741,0.163,32
332,Fox,Fri Mar 23 22:05:46 +0000 2018,"As much as I love connecting with fellow women at tech events, it always breaks my heart so much that half of the c… https://t.co/DlZtj3F2AQ",0.6369,0.154,0.846,0.0,33
333,Fox,Fri Mar 23 22:04:12 +0000 2018,"@mapotato I’m so sorry about this, Theresa. We will try to find out the name of the offender. There will be consequences.",-0.5009,0.0,0.825,0.175,34
334,Fox,Fri Mar 23 22:02:44 +0000 2018,Inclusion sections on careers pages mean nothing if you can’t reply to all candidates no matter the outcome and giv… https://t.co/JrBPxHYF7m,-0.2732,0.049,0.852,0.099,35
335,Fox,Fri Mar 23 10:19:46 +0000 2018,@almonk @jgwhite @itchymutt Interesting. I’d be keen to chat in that case :),0.802,0.451,0.549,0.0,36
336,Fox,Fri Mar 23 10:08:18 +0000 2018,RT @duyenho: Hats off to @Fox for being the real deal ? Thank you Karolina and @benschwarz for the last ever #jsconfau18 https://t.co/8oRoy…,0.3612,0.106,0.894,0.0,37
337,Fox,Fri Mar 23 10:08:07 +0000 2018,RT @not_sherry_wine: Shoutout to @fox and @benschwarz for the fantastic #JSConfAU18. The opportunity program is one of the best gift I’ve b…,0.926,0.429,0.571,0.0,38
338,Fox,Fri Mar 23 08:32:21 +0000 2018,"RT @the_patima: ?? I have something to tell you all...

I'm going to Berlin in June to speak at @jsconfeu!!!! ?

? It's my 1st ever trip to…",0.0,0.0,1.0,0.0,39
339,Fox,Fri Mar 23 08:30:43 +0000 2018,@itchymutt @heroku SF-based?,0.0,0.0,1.0,0.0,40
340,Fox,Fri Mar 23 03:38:24 +0000 2018,RT @susanthesquark: I've said it a million times and I'll keep shouting it from the rooftops: a company's diversity and inclusion efforts m…,0.0,0.0,1.0,0.0,41
341,Fox,Thu Mar 22 23:43:23 +0000 2018,"Apparently someone said that they’re only afraid of meeting two people; @dhh and myself.

I will take this as a compliment.",0.4767,0.147,0.853,0.0,42
342,Fox,Thu Mar 22 20:41:52 +0000 2018,"That’s a wrap, everyone. CSSConf and JSConf Australia are now a thing of a past.

Hope we left you inspired and with new friends.

?",0.8481,0.338,0.662,0.0,43
343,Fox,Thu Mar 22 20:29:50 +0000 2018,"@robodana Thank you for your kind words, Dana! I’m glad you’ve enjoyed it",0.9098,0.581,0.419,0.0,44
344,Fox,Thu Mar 22 20:29:29 +0000 2018,"@kriesse @benschwarz Texting from bed, yes ?",0.4019,0.351,0.649,0.0,45
345,Fox,Thu Mar 22 01:21:07 +0000 2018,"@sentience Ah, interesting! Great photos ??",0.7959,0.639,0.361,0.0,46
346,Fox,Thu Mar 22 01:09:38 +0000 2018,@sentience what camera and lenses are you using? Fuji or Leica? The quality is quite great.,0.6959,0.241,0.759,0.0,47
347,Fox,Wed Mar 21 23:17:34 +0000 2018,"RT @JSConfAU: Did you enjoy the live stream today? Great, because we’re doing it again today.

Tune in for awesome tech talks. ??? #jsconfa…",0.9081,0.352,0.648,0.0,48
348,Fox,Wed Mar 21 22:35:50 +0000 2018,"I have so many subtweets about people misbehaving in subtle ways at conferences I could probably write a book by now. 

Last day to go!",-0.4574,0.0,0.875,0.125,49
349,Fox,Wed Mar 21 01:30:04 +0000 2018,"RT @fox: ??? Hi everyone! I’m searching for new opportunities. 

I’m looking for multidisciplinary product, front-end and leadership roles.…",0.4389,0.138,0.862,0.0,50
350,Fox,Tue Mar 20 23:43:13 +0000 2018,@RedRoxProjects Thank you! ?,0.4199,0.583,0.417,0.0,51
351,Fox,Tue Mar 20 23:21:08 +0000 2018,@agisilaosts thank you! ?,0.4199,0.583,0.417,0.0,52
352,Fox,Tue Mar 20 22:30:20 +0000 2018,"We’re live streaming @jsconfau talks all day today and tomorrow. Starting in 30 minutes!

https://t.co/ttIzoV4Cjz",0.0,0.0,1.0,0.0,53
353,Fox,Tue Mar 20 19:54:47 +0000 2018,RT @frameshiftllc: New angle for change in VC: founders refusing to take funding from all-male all-white firms https://t.co/AMi8UJbTGO,-0.4019,0.0,0.863,0.137,54
354,Fox,Tue Mar 20 19:54:21 +0000 2018,@sentience @benschwarz @glenmaddern @xzyfer @jordanlewiz I like how everyone is wearing black or tan pants.,0.3612,0.161,0.839,0.0,55
355,Fox,Tue Mar 20 18:46:00 +0000 2018,"@kriesse @benschwarz ??????

I’ll have a celebration of lying face down in a few days.",-0.5267,0.0,0.779,0.221,56
356,Fox,Tue Mar 20 05:15:04 +0000 2018,@butwhoiskat thank you!,0.4199,0.583,0.417,0.0,57
357,Fox,Mon Mar 19 23:38:23 +0000 2018,"Here it goes. Last 8 months of constant work will happen within the next 3 days.

https://t.co/c48sQqdnXv",0.0,0.0,1.0,0.0,58
358,Fox,Mon Mar 19 22:55:26 +0000 2018,"RT @cssconfau: Guess what?

Even if you aren’t here, you can watch all the talks LIVE! ?

Tune into the live stream here. #cssconfau18 

ht…",0.0,0.0,1.0,0.0,59
359,Fox,Mon Mar 19 10:25:22 +0000 2018,"@amyngyn hahaha. I actually never been, but I’ve heard the bar is great. :)",0.9178,0.544,0.456,0.0,60
360,Fox,Mon Mar 19 06:54:56 +0000 2018,@amyngyn Loui Bar?,0.0,0.0,1.0,0.0,61
361,Fox,Mon Mar 19 00:57:53 +0000 2018,RT @LJKenward: Hey friends! ? Who's hiring Junior Devs at the moment? I have some awesome people from the @juniordev_io Community currently…,0.8172,0.294,0.706,0.0,62
362,Fox,Mon Mar 19 00:08:00 +0000 2018,Don’t forget about the Community Social today! EVERYONE IS WELCOME (even if you don’t hold a CSSConf or JSConf tick… https://t.co/6c79TcKFCi,0.481,0.168,0.752,0.079,63
363,Fox,Sun Mar 18 23:11:31 +0000 2018,Toxic tech industry creates a fake vision of what each of us (especially minorities) have to be and achieve to be ”… https://t.co/yfXZ5nxCJ7,0.0,0.156,0.725,0.118,64
364,Fox,Sun Mar 18 21:53:04 +0000 2018,"@amyngyn I never introduce myself. The focus is on content, not myself. Also I don’t feel like I need to justify my cred. :)",0.6705,0.224,0.776,0.0,65
365,Fox,Sun Mar 18 03:17:02 +0000 2018,Today I got kissed by a dingo. ????? https://t.co/FDQsVw2anl,0.3818,0.302,0.698,0.0,66
366,Fox,Sat Mar 17 21:10:23 +0000 2018,"@Sareh88 Thank you, Sareh! That’s very kind. ??",0.7569,0.519,0.481,0.0,67
367,Fox,Sat Mar 17 08:20:32 +0000 2018,@meelijane https://t.co/Y5wM3nCdsH in Northcote. I’ve tested many and this one is orders of magnitude better than everywhere else. :),0.7096,0.258,0.742,0.0,68
368,Fox,Sat Mar 17 07:02:55 +0000 2018,One of many reasons why I love my yoga studio so much is how meditative the practice is and how all the instructors… https://t.co/VXfSqdo6bk,0.765,0.239,0.761,0.0,69
369,Fox,Sat Mar 17 06:59:15 +0000 2018,"@IvanaMcConnell I can only help ruin your bank account further, sorry. ?",-0.34,0.182,0.473,0.345,70
370,Fox,Sat Mar 17 06:58:49 +0000 2018,"RT @slamup: people love to say

     no child is born 
     with hate in their heart

which is all very
romantic

but from the moment
a bla…",0.1646,0.156,0.711,0.134,71
371,Fox,Sat Mar 17 04:44:27 +0000 2018,"@evanderkoogh Nope, we are at full capacity of the venue. :)",0.4588,0.231,0.769,0.0,72
372,Fox,Sat Mar 17 04:43:03 +0000 2018,"RT @cssconfau: Come and celebrate with us at pre CSSConf and JSConf AU community social!

? Monday, March 19, 6pm onwards
?Stomping Ground…",0.6114,0.16,0.84,0.0,73
373,Fox,Sat Mar 17 03:16:57 +0000 2018,"@noahmp Heh, dang :) worth asking nonetheless.",0.5106,0.467,0.381,0.152,74
374,Fox,Sat Mar 17 03:10:32 +0000 2018,@noahmp ?? is this a SF-based role?,0.0,0.0,1.0,0.0,75
375,Fox,Fri Mar 16 23:36:37 +0000 2018,RT @mbrockenbrough: Here's a point worth making every so often. The patriarchy isn't men. It's a system that prefers them. Wanting to disma…,0.2263,0.087,0.913,0.0,76
376,Fox,Fri Mar 16 23:36:24 +0000 2018,@madalynrose Thank you so much ?? looking forward to meeting you! ?,0.4199,0.218,0.782,0.0,77
377,Fox,Fri Mar 16 23:27:46 +0000 2018,"@andymcmillan Thanks, Andy! You are an inspiration for me too! ?",0.7835,0.463,0.537,0.0,78
378,Fox,Fri Mar 16 23:27:14 +0000 2018,@evanderkoogh Hey Erwin! Thanks so much. We can chat during the events. :),0.7345,0.36,0.64,0.0,79
379,Fox,Fri Mar 16 23:11:30 +0000 2018,I don’t know what or who I’m most disappointed with to allow community work put my career in the background (again)… https://t.co/khOCa8rLHV,-0.3597,0.078,0.782,0.14,80
380,Fox,Fri Mar 16 23:09:07 +0000 2018,This time was supposed to be split between the conference and product work that would set me up for looking for a j… https://t.co/mOoFPPnV5w,0.0,0.0,1.0,0.0,81
381,Fox,Fri Mar 16 23:07:25 +0000 2018,"Over the last 6+ months, I’ve sacrificed all the time I had to run CSSConf and JSConf AU. I’ve set the highest stan… https://t.co/QRvns2lJs8",0.0,0.0,1.0,0.0,82
382,Fox,Fri Mar 16 23:00:59 +0000 2018,"RT @katebevan: LAYDEEZ!!!! Worried that VPNs are too hard for your fluffy ladybrain??? Never fear, a fuckwitted BroCo called @keepsafe is h…",-0.818,0.0,0.679,0.321,83
383,Fox,Fri Mar 16 22:40:18 +0000 2018,@sarah_edo thank you! ?,0.4199,0.583,0.417,0.0,84
384,Fox,Fri Mar 16 20:34:54 +0000 2018,I can’t wait to come back to lovey Portland and see what wonderful thing @andymcmillan and @waxpancake are preparin… https://t.co/3rfz3ShOEU,0.5719,0.171,0.829,0.0,85
385,Fox,Fri Mar 16 04:01:44 +0000 2018,@jennwrites thank you! I miss you too ???,0.2942,0.297,0.532,0.17,86
386,Fox,Fri Mar 16 01:52:07 +0000 2018,"To the young woman wearing a “the future is female” tee:

The
Future
Is
Intersectional",0.0,0.0,1.0,0.0,87
387,Fox,Fri Mar 16 01:33:25 +0000 2018,"Cannot agree with this more. I constantly get asked for free diversity, inclusion, community or general workplace a… https://t.co/M9hOz6A980",0.7003,0.266,0.734,0.0,88
388,Fox,Fri Mar 16 00:36:14 +0000 2018,"@pat @coryannj @kckal Oh, I have not seen it. Will register. ??",0.0,0.0,1.0,0.0,89
389,Fox,Thu Mar 15 23:44:49 +0000 2018,Four days to go. https://t.co/RYxiCmMEFp,0.0,0.0,1.0,0.0,90
390,Fox,Thu Mar 15 22:04:46 +0000 2018,"Ellen already had a lasting impact on diversity and inclusion spanning beyond the tech industry. 

I can’t wait to… https://t.co/1QFSP6DHyQ",0.0,0.0,1.0,0.0,91
391,Fox,Thu Mar 15 22:03:16 +0000 2018,@jordwalsh ?? interesting! Would you be able to email me more details? hi at https://t.co/vah0lKcYeo. ?,0.4574,0.176,0.824,0.0,92
392,Fox,Thu Mar 15 21:51:34 +0000 2018,My last two weeks were spent in email. Conference organiser life. https://t.co/h5hlszzyjv,0.0,0.0,1.0,0.0,93
393,Fox,Thu Mar 15 02:58:59 +0000 2018,This video with Jeff Goldblum is everything. https://t.co/vo5HSwuOUP,0.0,0.0,1.0,0.0,94
394,Fox,Thu Mar 15 00:17:24 +0000 2018,"Accepting talk proposals for conferences on a rolling basis: no no no no.

First come first serve doesn’t work for inclusion.",-0.6369,0.098,0.568,0.333,95
395,Fox,Thu Mar 15 00:05:26 +0000 2018,"If you are in Melbourne on Monday, March 19, we’re opening @cssconfau, @jsconfau and @decompressau with a Community… https://t.co/OyPVisZXYn",0.0,0.0,1.0,0.0,96
396,Fox,Wed Mar 14 22:35:40 +0000 2018,Australia is racist as hell. https://t.co/EIRFzejhsi,-0.8625,0.0,0.317,0.683,97
397,Fox,Wed Mar 14 22:08:53 +0000 2018,"RT @sarahmei: ? PSA: when you're building a diverse team, you're looking for culture _add_, not culture _fit_. Hire people who bring a pers…",0.0,0.0,1.0,0.0,98
398,Fox,Wed Mar 14 21:32:48 +0000 2018,RT @piamancini: ok I need help. I really really want to hire a kickass developer who also happens to be a woman (backend pref.) What are th…,0.6976,0.253,0.747,0.0,99
399,Fox,Wed Mar 14 21:32:37 +0000 2018,"@piamancini Hey Pia! Thanks for reaching out ?? Unfortunately, software engineering isn’t my background; I’m a FE d… https://t.co/1IEwNKyc9q",0.3802,0.223,0.67,0.107,100
400,NYTimes,Tue Mar 27 12:31:05 +0000 2018,Linda Brown came to symbolize one of the most transformative court proceedings in American history https://t.co/vUcEP99A3g,0.0,0.0,1.0,0.0,1
401,NYTimes,Tue Mar 27 12:14:03 +0000 2018,"A housemate of the Austin bomber has become a ""person of interest"" in the investigation https://t.co/thNrBdpcJM",0.4588,0.188,0.812,0.0,2
402,NYTimes,Tue Mar 27 12:00:10 +0000 2018,"Your daily @DealBook Briefing:

• Citigroup became the biggest Wall Street firm thus far to take actions to limit g… https://t.co/trOfabkKIY",0.0,0.0,1.0,0.0,3
403,NYTimes,Tue Mar 27 11:44:04 +0000 2018,"Lobster, wine and ""lady conductors"": What we know about North Korea's mystery train https://t.co/PCuXFczwwb",0.0,0.0,1.0,0.0,4
404,NYTimes,Tue Mar 27 11:30:01 +0000 2018,"""From a European perspective, the shock comes from the fact that the U.S. is now seen as a destabilizing force, lik… https://t.co/IMDcz7Nj2v",-0.3818,0.0,0.88,0.12,5
405,NYTimes,Tue Mar 27 11:16:02 +0000 2018,"Eight years ago, the United States and Russia agreed to a spy swap that sent a Russian double agent to safety in Br… https://t.co/5Dv7DOef5y",0.7717,0.288,0.712,0.0,6
406,NYTimes,Tue Mar 27 11:00:12 +0000 2018,"The former dean of Michigan State University’s medical school, who supervised the disgraced physician Lawrence Nass… https://t.co/zvJMTgrnB7",-0.4588,0.0,0.842,0.158,7
407,NYTimes,Tue Mar 27 10:45:04 +0000 2018,"Within 30 seconds of arriving, Deputy Brewer had exited his car, confronted a man in the street whose pants were ar… https://t.co/LzNamOCMQf",-0.2023,0.0,0.917,0.083,8
408,NYTimes,Tue Mar 27 10:30:04 +0000 2018,"The 2020 census will ask respondents whether they are U.S. citizens, the Commerce Department announced, agreeing to… https://t.co/zz1aqLKqAT",0.34,0.124,0.876,0.0,9
409,NYTimes,Tue Mar 27 10:16:05 +0000 2018,A video that appeared to show the arrival in Beijing of an old-style green train fueled speculation that a high-lev… https://t.co/nB2RJVVDYe,0.0,0.0,1.0,0.0,10
410,NYTimes,Tue Mar 27 10:00:18 +0000 2018,Morning Briefing: Here's what you need to know to start your day https://t.co/C4v9hpi3Ye https://t.co/QLK2dlg5qA,0.0,0.0,1.0,0.0,11
411,NYTimes,Tue Mar 27 09:55:11 +0000 2018,"Others have come at President Trump with indignation, righteousness and appeals to decency. Stormy Daniels swatted… https://t.co/iq3gZcZzNd",-0.5267,0.0,0.825,0.175,12
412,NYTimes,Tue Mar 27 09:30:02 +0000 2018,"""She called me at 4:11 p.m. the last time and told me that everything was in flames, and that the doors were blocke… https://t.co/T2XmtaoKxp",0.0,0.0,1.0,0.0,13
413,NYTimes,Tue Mar 27 09:16:02 +0000 2018,"A woman who survived the Holocaust was murdered in Paris, in what the authorities are calling a hate crime https://t.co/PCfeDQFPrz",-0.8519,0.114,0.484,0.401,14
414,NYTimes,Tue Mar 27 08:59:03 +0000 2018,"After 61 weeks in the White House, President Trump has found 2 people he won’t attack on Twitter: Stormy Daniels an… https://t.co/5VpaR8vviN",-0.4767,0.0,0.866,0.134,15
415,NYTimes,Tue Mar 27 08:46:08 +0000 2018,"China's first space station, Tiangong-1, abandoned and out of control, is expected to drop out of orbit around this… https://t.co/IURCPOQDHv",-0.6249,0.0,0.779,0.221,16
416,NYTimes,Tue Mar 27 08:30:11 +0000 2018,"RT @nytimesworld: To Europeans, the brazen poisoning of a former Russian spy and his daughter in Salisbury, England, crossed a line. That h…",-0.5859,0.0,0.84,0.16,17
417,NYTimes,Tue Mar 27 08:14:03 +0000 2018,"The main Brexit campaign in the referendum on Britain’s EU membership funneled more than $900,000 to a puppet organ… https://t.co/9Vzlfx7fHr",0.0258,0.058,0.942,0.0,18
418,NYTimes,Tue Mar 27 08:02:01 +0000 2018,President Trump has stayed in touch with Rob Porter and has told some advisers he hopes Porter returns to work in t… https://t.co/AM9RjUNwtB,-0.2023,0.102,0.766,0.131,19
419,NYTimes,Tue Mar 27 07:47:05 +0000 2018,A sprawling exhibition in Amsterdam looks at how a fascination with Japan shaped van Gogh's work https://t.co/1kMpdRcvCs,0.4939,0.186,0.814,0.0,20
420,NYTimes,Tue Mar 27 07:32:02 +0000 2018,"“The world’s patience is rather wearing thin with President Putin and his actions,” said the British defense secret… https://t.co/mfKxquWuau",0.128,0.077,0.923,0.0,21
421,NYTimes,Tue Mar 27 07:18:01 +0000 2018,"RT @meslackman: All roads may lead to Rome, but when you get here the mean streets and wrecked pavements will puncture your tires, break yo…",0.0,0.0,1.0,0.0,22
422,NYTimes,Tue Mar 27 07:11:35 +0000 2018,The Ethicist: Must I Tell My Boss I’m Absent Because of Mental Illness? https://t.co/OmG8vR4vhG,-0.4019,0.0,0.816,0.184,23
423,NYTimes,Tue Mar 27 07:02:03 +0000 2018,The Getty Conservation Institute helps solve the mystery of brown spots in King Tut’s burial chamber once and for a… https://t.co/z1b0IMpWFl,0.5267,0.188,0.812,0.0,24
424,NYTimes,Tue Mar 27 06:32:02 +0000 2018,RT @JanePerlez: Our story on five North Korean defectors who went missing. They pledged to take poison if caught. Did they? Or are they ins…,-0.7906,0.0,0.733,0.267,25
425,NYTimes,Tue Mar 27 06:02:05 +0000 2018,"RT @nytopinion: If Bolton and Trump rip up the Iran deal, they will be giving the U.S. what it needs least: international isolation. https:…",-0.0772,0.089,0.812,0.1,26
426,NYTimes,Tue Mar 27 05:41:02 +0000 2018,"It's pretty clear how birds, even dinosaurs, got their wings. But how insects got theirs has been a mystery -- unti… https://t.co/AFhD1V40xi",0.7003,0.234,0.766,0.0,27
427,NYTimes,Tue Mar 27 05:21:03 +0000 2018,Villanova's team chaplain wants no part of a rivalry with Sister Jean. “As someone who is a product of 16 years of… https://t.co/Q3LX3bNNVk,-0.296,0.0,0.901,0.099,28
428,NYTimes,Tue Mar 27 05:02:02 +0000 2018,"RT @NYTHealth: Dr. John Cacioppo, who bridged biology and psychology in exploring the health effects of loneliness, is dead at 66 https://t…",-0.7964,0.0,0.738,0.262,29
429,NYTimes,Tue Mar 27 04:41:07 +0000 2018,"The mass expulsion of Russian personnel stationed in the U.S. was the largest ever, eclipsing even the darkest days… https://t.co/XGBpNxeOv1",-0.4939,0.0,0.856,0.144,30
430,NYTimes,Tue Mar 27 04:21:02 +0000 2018,"Chris Evans makes his Broadway debut in the astutely acted revival of Kenneth Lonergan’s play, ""Lobby Hero"" https://t.co/LIgBAWJ6B1",0.7269,0.321,0.679,0.0,31
431,NYTimes,Tue Mar 27 04:09:38 +0000 2018,"Despite Concerns, Census Will Ask Respondents if They Are U.S. Citizens https://t.co/DvsNaOwgfr",0.0,0.0,1.0,0.0,32
432,NYTimes,Tue Mar 27 04:02:01 +0000 2018,A new EPA policy proposal championed by Scott Pruitt would severely restrict the scientific research the agency can… https://t.co/gSQiVxJlT2,-0.5267,0.096,0.658,0.246,33
433,NYTimes,Tue Mar 27 03:47:05 +0000 2018,New Orleans Saints cheerleaders have to leave a restaurant if a player comes in. A cheerleader is challenging such… https://t.co/R7WrFuUp0z,0.5423,0.286,0.653,0.06,34
434,NYTimes,Tue Mar 27 03:32:04 +0000 2018,"Uber was ordered to suspend testing of its autonomous vehicles on Arizona roads, 8 days after one of its cars struc… https://t.co/MsnkgMhRco",-0.3182,0.0,0.897,0.103,35
435,NYTimes,Tue Mar 27 03:17:03 +0000 2018,"RT @NYTMetro: Federal authorities charged Keith Raniere, the head of the Albany-area group Nxivm, with forcing women to engage in sex. http…",0.1531,0.099,0.826,0.074,36
436,NYTimes,Tue Mar 27 03:02:05 +0000 2018,The “60 Minutes” interview of Stormy Daniels garnered the highest ratings for the program in almost a decade https://t.co/vZoIYm3ugi,0.0,0.0,1.0,0.0,37
437,NYTimes,Tue Mar 27 02:47:05 +0000 2018,"Medical societies and leading neurologists strongly endorse a treatment for stroke, but some ER physicians believe… https://t.co/v9BzB78wi1",0.296,0.186,0.814,0.0,38
438,NYTimes,Tue Mar 27 02:32:02 +0000 2018,The Stormy Daniels saga and White House turmoil: Some Republicans fear that the midterm elections will be swayed by… https://t.co/VV8P6AYboK,-0.6908,0.0,0.759,0.241,39
439,NYTimes,Tue Mar 27 02:17:02 +0000 2018,RT @NYTScience: There's an 8.5-ton space station that will crash on Earth somewhere in the next week. Don't worry. https://t.co/x5r8BsFXpz,-0.0757,0.104,0.779,0.117,40
440,NYTimes,Tue Mar 27 02:02:03 +0000 2018,"Can Defense Secretary Jim Mattis hold the line in President Trump’s ""war cabinet""? https://t.co/28JV7ODldJ https://t.co/5QMTVB2715",-0.5267,0.082,0.707,0.212,41
441,NYTimes,Tue Mar 27 01:47:02 +0000 2018,"Tess will spend the next 2 years, at least, scanning the sky for alien worlds https://t.co/uqiiZ7TKcT",0.0,0.0,1.0,0.0,42
442,NYTimes,Tue Mar 27 01:31:03 +0000 2018,We have resolved an issue that caused some links to return a page not found on mobile devices. We apologize for the inconvenience.,-0.1027,0.126,0.772,0.102,43
443,NYTimes,Tue Mar 27 01:21:03 +0000 2018,RT @nytopinion: E.P.A Administrator Scott Pruitt wants to prohibit his agency from using certain peer-reviewed scientific studies in order…,0.2732,0.104,0.896,0.0,44
444,NYTimes,Tue Mar 27 01:02:07 +0000 2018,Evening Briefing: Here's what you need to know at the end of the day https://t.co/PGHd4PlLBN,0.0,0.0,1.0,0.0,45
445,NYTimes,Tue Mar 27 00:47:04 +0000 2018,President Trump has stayed in touch with Rob Porter and has told some advisers he hopes Porter returns to work in t… https://t.co/1be8txo0YB,-0.2023,0.102,0.766,0.131,46
446,NYTimes,Tue Mar 27 00:32:03 +0000 2018,"Investigators believe a man in Arizona was distributing performance-enhancing drugs on a massive, global scale, yet… https://t.co/oEHmWEZaWQ",0.0,0.0,1.0,0.0,47
447,NYTimes,Tue Mar 27 00:17:05 +0000 2018,The Getty Conservation Institute helps solve the mystery of brown spots in King Tut’s burial chamber once and for a… https://t.co/HstzedLBAa,0.5267,0.188,0.812,0.0,48
448,NYTimes,Tue Mar 27 00:02:02 +0000 2018,RT @maggieNYT: NEWS: Trump Talks of Bringing Back Rob Porter  https://t.co/1BleAd2VZN,-0.5574,0.0,0.735,0.265,49
449,NYTimes,Mon Mar 26 23:47:06 +0000 2018,"Villanova has a beloved team chaplain, too https://t.co/cMje3sdrCj",0.5106,0.355,0.645,0.0,50
450,NYTimes,Mon Mar 26 23:32:04 +0000 2018,"RT @nytimesworld: She escaped a 1942 roundup of Jews in Paris, and died in a 2018 hate crime https://t.co/bwlI9EawZ1",-0.8957,0.0,0.565,0.435,51
451,NYTimes,Mon Mar 26 23:17:04 +0000 2018,Linda Brown has died. The Kansas schoolgirl came to symbolize the transformative Brown v. Board of Education desegr… https://t.co/a0bJJfESbP,-0.5574,0.0,0.833,0.167,52
452,NYTimes,Mon Mar 26 23:02:04 +0000 2018,Planning a trip to Memphis? Here's what you should bring. https://t.co/mXqFo0yzG6,0.0,0.0,1.0,0.0,53
453,NYTimes,Mon Mar 26 22:45:06 +0000 2018,Evening Briefing: Here's what you need to know at the end of the day https://t.co/FmmZKTkugK,0.0,0.0,1.0,0.0,54
454,NYTimes,Mon Mar 26 22:32:03 +0000 2018,"“This is a deplorable way to treat a veteran who risked his life in combat for our nation,” Senator Tammy Duckworth… https://t.co/GNFXVeadzt",-0.1531,0.113,0.708,0.179,55
455,NYTimes,Mon Mar 26 22:17:03 +0000 2018,A sprawling exhibition in Amsterdam looks at how a fascination with Japan shaped van Gogh's work https://t.co/bdRjmcrJEl,0.4939,0.186,0.814,0.0,56
456,NYTimes,Mon Mar 26 21:47:02 +0000 2018,"RT @jeligon: .@es_snipes fought vigorously for black lives. What did the movement do to support her? Not enough, friends say. https://t.co/…",0.6124,0.274,0.639,0.086,57
457,NYTimes,Mon Mar 26 21:32:07 +0000 2018,Here's how to create your own support system when you don't have a spouse or kids to fall back on https://t.co/OtWwllbDnF,0.5859,0.211,0.789,0.0,58
458,NYTimes,Mon Mar 26 21:17:06 +0000 2018,One NYT reader's reaction to President Trump expelling 60 Russians and closing a consulate in response to the poiso… https://t.co/LQXzs3DbW7,-0.3818,0.0,0.874,0.126,59
459,NYTimes,Mon Mar 26 21:00:13 +0000 2018,"RT @poniewozik: The new Roseanne has its limits, but it's a revival with more reason for existing than ""Eh, why not?"" https://t.co/jKTC30dG…",0.0,0.0,1.0,0.0,60
460,NYTimes,Mon Mar 26 20:50:05 +0000 2018,"RT @NYTScience: Sometime in the next week, a 9.4-ton Chinese space station is expected to come hurtling back to earth. But you probably hav…",-0.34,0.0,0.902,0.098,61
461,NYTimes,Mon Mar 26 20:41:03 +0000 2018,A fatal helicopter crash in New York’s East River may have been caused by a passenger’s harness accidentally trippi… https://t.co/Y33509wC43,-0.8225,0.0,0.636,0.364,62
462,NYTimes,Mon Mar 26 20:30:05 +0000 2018,The lawyer for the Pulse gunman’s widow wants the case against her thrown out after it was revealed that the gunman… https://t.co/ddOF0vInOO,0.0,0.0,1.0,0.0,63
463,NYTimes,Mon Mar 26 20:20:05 +0000 2018,"The “60 Minutes” interview of Stormy Daniels drew 22 million viewers, more than this year’s Grammys (19.8 million)… https://t.co/eaq4o6bsAY",0.0,0.0,1.0,0.0,64
464,NYTimes,Mon Mar 26 20:10:03 +0000 2018,"Review: ""Angels in America,"" starring Andrew Garfield and Nathan Lane, is ""flat-out fabulous"" https://t.co/QNh39X6QwQ",0.5267,0.207,0.793,0.0,65
465,NYTimes,Mon Mar 26 19:50:01 +0000 2018,"RT @nytimesarts: The diverse and strongly-reviewed ""One Day at a Time"" has been renewed for a third season on Netflix https://t.co/A9Rjr0qd…",0.0,0.0,1.0,0.0,66
466,NYTimes,Mon Mar 26 19:40:04 +0000 2018,New Orleans Saints cheerleaders have to leave a restaurant if a player comes in. A cheerleader is challenging such… https://t.co/PUJaP3jtoZ,0.5423,0.286,0.653,0.06,67
467,NYTimes,Mon Mar 26 19:30:05 +0000 2018,RT @poniewozik: Stormy Daniels spanked Donald Trump with a network newsmagazine. https://t.co/prQASw7buB,0.0,0.0,1.0,0.0,68
468,NYTimes,Mon Mar 26 19:20:01 +0000 2018,The Democratic primary for governor may be less than a week old but the battle between Gov. Cuomo and Cynthia Nixon… https://t.co/7JGUwM3CeI,-0.5267,0.0,0.855,0.145,69
469,NYTimes,Mon Mar 26 19:10:03 +0000 2018,Some of the children trapped by the fire sent farewell messages through their social media accounts. Many were repo… https://t.co/yzbFWU01nz,-0.7003,0.0,0.756,0.244,70
470,NYTimes,Mon Mar 26 19:03:10 +0000 2018,RT @bydanielvictor: Here's what the Saints require cheerleaders to do to “protect” themselves from players  https://t.co/61MXS7G0kS https:/…,0.296,0.121,0.879,0.0,71
471,NYTimes,Mon Mar 26 19:00:09 +0000 2018,Is Kim Jong-un visiting China? A video that appears to show an old-style green train arriving in Beijing is fueling… https://t.co/tUiZEF9TtH,0.0,0.0,1.0,0.0,72
472,NYTimes,Mon Mar 26 18:44:40 +0000 2018,"Facebook’s privacy practices are being investigated by the Federal Trade Commission, the government agency confirmed https://t.co/EOcXizO8l4",0.0,0.0,1.0,0.0,73
473,NYTimes,Mon Mar 26 18:30:06 +0000 2018,"RT @nytopinion: A bill in Ohio would ban all abortions, full stop. It's part of a larger strategy to make abortions impossible to obtain fo…",-0.7003,0.0,0.784,0.216,74
474,NYTimes,Mon Mar 26 18:20:04 +0000 2018,How to care for your skin — while you sleep https://t.co/uoXLBtptOT,0.4939,0.262,0.738,0.0,75
475,NYTimes,Mon Mar 26 18:10:07 +0000 2018,"RT @TimHerrera: Hearing — and giving — criticism is super hard! Here's why that is, and some ideas to make it go down easier  https://t.co/…",0.7263,0.296,0.568,0.136,76
476,NYTimes,Mon Mar 26 18:00:19 +0000 2018,"You know Sister Jean. Meet Father Rob.
https://t.co/B7m8sZnhju https://t.co/eG4Yo2LcQS",-0.5574,0.0,0.69,0.31,77
477,NYTimes,Mon Mar 26 17:50:07 +0000 2018,"After 61 weeks in the White House, President Trump has found 2 people he won’t attack on Twitter: Stormy Daniels an… https://t.co/31KHgrUsMn",-0.4767,0.0,0.866,0.134,78
478,NYTimes,Mon Mar 26 17:40:05 +0000 2018,"RT @jeligon: Erica Garner. MarShawn McCarrel. Darren Seals. Muhiyidin Moye. Edward Crawford. Black Lives Matter activists have died young,…",-0.5423,0.051,0.783,0.166,79
479,NYTimes,Mon Mar 26 17:30:03 +0000 2018,What we know (and don’t know) about how to lose weight https://t.co/t1b13HuoVg,-0.4019,0.0,0.803,0.197,80
480,NYTimes,Mon Mar 26 17:20:10 +0000 2018,"14 European nations joined the U.S. and Canada in expelling scores of Russian diplomats. They include Germany, Fran… https://t.co/GF3XQdxSO6",-0.3818,0.0,0.874,0.126,81
481,NYTimes,Mon Mar 26 17:10:13 +0000 2018,"Louis Vuitton’s new artistic director for men’s wear is Virgil Abloh, a creative director for Kanye West who will b… https://t.co/MrunGSyo65",0.4404,0.132,0.868,0.0,82
482,NYTimes,Mon Mar 26 17:00:05 +0000 2018,"RT @EnnisNYT: “If a Saints cheerleader enters a restaurant and a player is already there, she must leave. If a cheerleader is in a restaura…",0.3818,0.173,0.773,0.055,83
483,NYTimes,Mon Mar 26 16:50:10 +0000 2018,"Meet Tess, seeker of alien worlds https://t.co/oHJWlGO1Rl https://t.co/8mxz1duFIt",0.0,0.0,1.0,0.0,84
484,NYTimes,Mon Mar 26 16:40:08 +0000 2018,"Others have come at President Trump with indignation, righteousness and appeals to decency. Stormy Daniels swatted… https://t.co/CfNLtGFM7E",-0.5267,0.0,0.825,0.175,85
485,NYTimes,Mon Mar 26 16:30:11 +0000 2018,"RT @nytgraphics: In the upcoming midterm elections, the math favors the Democrats: 41 competitive House seats are held by Republicans, 7 by…",0.4019,0.163,0.837,0.0,86
486,NYTimes,Mon Mar 26 16:20:08 +0000 2018,"A grocery war is raging across the United States. At stake is not only the price of toothpaste and bananas, but the… https://t.co/QgbM6XsJsS",-0.4118,0.074,0.744,0.182,87
487,NYTimes,Mon Mar 26 16:10:07 +0000 2018,"Stormy Daniels told ""60 Minutes"" that in 2011 a man threatened her if she spoke of her affair with Donald Trump. He… https://t.co/bRwDEto0DI",-0.4588,0.0,0.875,0.125,88
488,NYTimes,Mon Mar 26 16:00:20 +0000 2018,"RT @kimseverson: Marijuana is coming to a tiny, dying Southern town and @RichardFausset writes about it brilliantly. (You'll learn a lot ab…",0.6124,0.174,0.826,0.0,89
489,NYTimes,Mon Mar 26 15:50:09 +0000 2018,"Remington, one of the oldest firearm manufacturers in the United States, has filed for bankruptcy amid mounting deb… https://t.co/ISZZI0Dy5c",0.4215,0.135,0.865,0.0,90
490,NYTimes,Mon Mar 26 15:40:04 +0000 2018,The Trump administration appears to be using steel and aluminum tariffs as a bargaining chip in trade negotiations.… https://t.co/uzd6BHtlAY,0.0,0.0,1.0,0.0,91
491,NYTimes,Mon Mar 26 15:30:11 +0000 2018,Jim Mattis was dismissed as a warmonger during the Obama presidency. Now the defense secretary may be the only reli… https://t.co/E3PzoTetXn,-0.5267,0.064,0.769,0.167,92
492,NYTimes,Mon Mar 26 15:20:04 +0000 2018,"RT @lauriegnyt: In the Philippines, divorce is illegal. The result? Many don’t marry at all. Mistresses are common. Women can’t remarry eve…",-0.5574,0.0,0.854,0.146,93
493,NYTimes,Mon Mar 26 15:10:09 +0000 2018,"At least 64 people, many of them children, died when a fire burned through a shopping mall in the Siberian city of… https://t.co/qk5RExZOCt",-0.7184,0.0,0.76,0.24,94
494,NYTimes,Mon Mar 26 15:00:32 +0000 2018,"In Opinion

Op-Ed contributor @krista_r_burton writes: ""Why do people perform their relationships online? Who is it… https://t.co/Zk3OFBGJVd",0.0,0.0,1.0,0.0,95
495,NYTimes,Mon Mar 26 14:44:01 +0000 2018,"Making the dogs of ""Isle of Dogs"" https://t.co/AFMZN3lboV",0.0,0.0,1.0,0.0,96
496,NYTimes,Mon Mar 26 14:30:08 +0000 2018,"The U.S. military carried out its first ever drone strike against Qaeda militants in southern Libya this weekend, s… https://t.co/v4vXQHVWiv",-0.128,0.0,0.927,0.073,97
497,NYTimes,Mon Mar 26 14:16:04 +0000 2018,"In Opinion

Op-Ed contributor @KadriLiik writes: ""Patriotic hackers"" or ""patriotic trolls"" can act independently, b… https://t.co/PAkoNOwnhQ",0.0,0.0,1.0,0.0,98
498,NYTimes,Mon Mar 26 14:00:17 +0000 2018,"Photos from the ""March for Our Lives"" protests around the world https://t.co/F3RzR8XKv5",-0.2263,0.0,0.853,0.147,99
499,NYTimes,Mon Mar 26 13:45:09 +0000 2018,"Along with the long hours, constant confrontation and frequent heartbreak they experience, activists work for littl… https://t.co/CDGkmORA79",-0.7184,0.0,0.714,0.286,100
